strike_rate,balls_bowled,inning2_balls,umpire2,team1_winp_team2_last15,umpire1,bowler_details,Fours,by,inning1_wickets,is_bowler_keeper,batsman_details,Sixes,inning2_runs,inning2_wickets,over_faced_first,inning1_runs,toss decision,maiden,dots,noballs,team2_roster_ids,is_batsman_captain,team1_id,team_winp_last5,inning1_balls,runs,team1,match_dt,is_bowler_captain,winner_id,bowler_id,win amount,toss winner,wides,season,team_count_50runs_last15,winner,out_by_fielder,series_name,venue,bowler,team1only_avg_runs_last15,is_batsman_keeper,ground_id,team2_id,batsman_id,series_type,team1_roster_ids,match id,balls_faced,out_by_bowler,economy,team2,batsman,wicket kind,player_of_the_match_id,wicket_count,ground_avg_runs_last15,lighting,city,inning
140.0,,,,,,NZ:Left-hand bat:Right-arm medium-fast:,1.0,,,0.0,NZ:Right-hand bat:Right-arm medium-fast:,,,,1.1,,,,,,,0.0,,,,7,,2021-01-01,0.0,,2486896.0,,,,,,,TM Jn,,,,,0.0,,,7907451.0,,,8638034,5,JS Nm,,,KD Ce,caught,,,,,,1
100.0,,,,,,NZ:Left-hand bat:Slow left-arm orthodox:,4.0,,,0.0,NZ:Right-hand bat:None:,1.0,,,1.2,,,,,,,0.0,,,,46,,2021-01-01,0.0,,6718382.0,,,,,,,MG Bl,,,,,1.0,,,4381761.0,,,8638034,46,R Ra,,,TL St,caught,,,,,,1
90.0,,,,,,NZ:Right-hand bat:Legbreak googly:,,,,0.0,NZ:Right-hand bat:Right-arm offbreak:,,,,12.1,,,,,,,0.0,,,,9,,2021-01-01,0.0,,4950294.0,,,,,,,R Ra,,,,,0.0,,,4949790.0,,,8638034,10,PF Yd,,,HR Cr,caught,,,,,,1
127.27,,,,,,NZ:Left-hand bat:Right-arm medium-fast:,3.0,,,0.0,NZ:Right-hand bat:Right-arm medium-fast:,,,,13.6,,,,,,,0.0,,,,28,,2021-01-01,0.0,,1585464.0,,,,,,,FH An,,,,,0.0,,,3834305.0,,,8638034,22,HK Bt,,,BR Hn,caught,,,,,,1
138.46,,,,,,,,,,,NZ:Right-hand bat:Right-arm fast-medium:,1.0,,,17.2,,,,,,,0.0,,,,18,,2021-01-01,,,,,,,,,,,,,,,0.0,,,3776849.0,,,8638034,13,,,,SC Kn,,,,,,,1
50.0,,,,,,,,,,,NZ:Right-hand bat:Right-arm medium:,,,,20.3,,,,,,,0.0,,,,1,,2021-01-01,,,,,,,,,,,,,,,0.0,,,6718340.0,,,8638034,2,,,,ZN Gn,,,,,,,1
72.73,,,,,,NZ:Left-hand bat:Right-arm medium-fast:,1.0,,,0.0,NZ:Right-hand bat:Right-arm medium:,,,,5.1,,,,,,,0.0,,,,8,,2021-01-01,0.0,,2486896.0,,,,,,,HK Bt,,,,,0.0,,,31464.0,,,8638034,11,JS Nm,,,DG Be,caught,,,,,,1
158.33,,,,,,NED:Right-hand bat:Right-arm medium-fast:,2.0,,,0.0,NZ:Left-hand bat:Slow left-arm orthodox:,1.0,,,8.1,,,,,,,1.0,,,,19,,2021-01-01,0.0,,3083667.0,,,,,,,MG Bl,,,,,0.0,,,258649.0,,,8638034,12,LV vn Bk,,,AP Dh,caught,,,,,,1
86.67,,,,,,NZ:Right-hand bat:Right-arm fast-medium:,1.0,,,0.0,NZ:Left-hand bat:Right-arm medium:,,,,1.1,,,,,,,0.0,,,,13,,2021-01-01,0.0,,3776849.0,,,,,,,ZN Gn,,,,,1.0,,,2653993.0,,,8638034,15,SC Kn,,,DP Cy,caught,,,,,,2
182.0,,,,,,,7.0,,,,NZ:Right-hand bat:None:,5.0,,,1.2,,,,,,,0.0,,,,91,,2021-01-01,,,,,,,,,,,,,,,0.0,,,6718326.0,,,8638034,50,,,,FH An,,,,,,,2
129.03,,,,,,,3.0,,,,NZ:Left-hand bat:Slow left-arm orthodox:,2.0,,,6.1,,,,,,,0.0,,,,40,,2021-01-01,,,,,,,,,,,,,,,0.0,,,6718382.0,,,8638034,31,,,,R Ra,,,,,,,2
138.46,,,,,,AUS:Right-hand bat:Right-arm medium-fast:,1.0,,,0.0,AUS:Right-hand bat:Slow left-arm orthodox:,1.0,,,1.1,,,,,,,1.0,,,,18,,2021-01-01,0.0,,5497274.0,,,,,,,SW Bs,,,,,0.0,,,37351.0,,,8588005,13,N Mw,,,AJ Fh,caught,,,,,,1
181.25,,,,,,AUS:Right-hand bat:Right-arm medium-fast:,5.0,,,0.0,AUS:Left-hand bat:Slow left-arm orthodox:,5.0,,,1.5,,,,,,,0.0,,,,87,,2021-01-01,0.0,,5497274.0,,,,,,,CJ Gn,,,,,0.0,,,46794.0,,,8588005,48,N Mw,,,SE Mh,caught,,,,,,1
200.0,,,,,,,1.0,,,,PAK:Left-hand bat:Slow left-arm orthodox:,,,,16.6,,,,,,,0.0,,,,8,,2021-01-01,,,,,,,,,,,,,,,0.0,,,1594319.0,,,8588005,4,,,,Id Wm,,,,,,,1
50.0,,,,,,AUS:Right-hand bat:Left-arm fast-medium:,,,,0.0,AUS:Left-hand bat:Right-arm medium-fast:,,,,16.7,,,,,,,0.0,,,,1,,2021-01-01,0.0,,5788320.0,,,,,,,,,,,,0.0,,,7534687.0,,,8588005,2,DR Ss,,,MW Hy,bowled,,,,,,1
50.0,,,,,,,,,,,AUS:Right-hand bat:Right-arm medium-fast:,,,,17.2,,,,,,,0.0,,,,1,,2021-01-01,,,,,,,,,,,,,,,0.0,,,7537067.0,,,8588005,2,,,,W Sd,,,,,,,1
116.67,,,,,,AUS:Right-hand bat:Right-arm medium-fast:,1.0,,,0.0,AUS:Right-hand bat:None:,,,,4.1,,,,,,,0.0,,,,7,,2021-01-01,0.0,,3876613.0,,,,,,,O Ds,,,,,1.0,,,5406540.0,,,8588005,6,CP Tn,,,SB Hr,caught,,,,,,1
75.0,,,,,,AUS:Right-hand bat:Legbreak:,,,,0.0,SA:Left-hand bat:Right-arm offbreak:,,,,5.5,,,,,,,0.0,,,,3,,2021-01-01,0.0,,8193310.0,,,,,,,CJ Gn,,,,,0.0,,,2231928.0,,,8588005,4,T Sa,,,RR Rw,caught,,,,,,1
137.5,,,,,,AUS:Right-hand bat:Right-arm medium-fast:,1.0,,,0.0,AFG:Right-hand bat:Right-arm offbreak:,3.0,,,7.5,,,,,,,0.0,,,,33,,2021-01-01,0.0,,5497274.0,,,,,,,CJ Gn,,,,,0.0,,,181404.0,,,8588005,24,N Mw,,,Md Ni,caught,,,,,,1
141.18,,,,,,,6.0,,,,AUS:Left-hand bat:Right-arm medium:,,,,1.1,,,,,,,0.0,,,,48,,2021-01-01,,,,,,,,,,,,,,,0.0,,,1506098.0,,,8588005,34,,,,UT Ka,,,,,,,2
236.84,,,,,,AUS:Left-hand bat:Right-arm fast-medium:,7.0,,,0.0,ENG:Right-hand bat:Right-arm medium:,2.0,,,1.2,,,,,,,0.0,,,,45,,2021-01-01,0.0,,7620346.0,,,,,,,MW Hy,,,,,0.0,,,1749075.0,,,8588005,19,M Py,,,AD Hs,caught,,,,,,2
122.22,,,,,,PAK:Left-hand bat:Slow left-arm orthodox:,1.0,,,0.0,AUS:Right-hand bat:Right-arm medium:,,,,5.4,,,,,,,1.0,,,,11,,2021-01-01,0.0,,1594319.0,,,,,,,,,,,,0.0,,,36665.0,,,8588005,9,Id Wm,,,CJ Fn,lbw,,,,,,2
100.0,,,,,,,1.0,,,,ENG:Right-hand bat:None:,,,,9.2,,,,,,,0.0,,,,10,,2021-01-01,,,,,,,,,,,,,,,1.0,,,2083409.0,,,8588005,10,,,,SW Bs,,,,,,,2
133.33,,,,,,AUS:Right-hand bat:Right-arm fast-medium:,2.0,,,0.0,AUS:Right-hand bat:None:,2.0,,,1.1,,,,,,,0.0,,,,48,,2021-01-02,0.0,,7353828.0,,,,,,,,,,,,1.0,,,7869987.0,,,8587837,36,XC Bt,,,JR Pe,lbw,,,,,,1
100.0,,,,,,AFG:Right-hand bat:Right-arm offbreak:,1.0,,,0.0,AUS:Right-hand bat:Right-arm medium:,,,,1.3,,,,,,,0.0,,,,10,,2021-01-02,0.0,,6818776.0,,,,,,,JA Bs,,,,,0.0,,,7620283.0,,,8587837,10,Mb Ur Rn,,,J Es,caught,,,,,,1
159.26,,,,,,AUS:Right-hand bat:Right-arm fast-medium:,5.0,,,0.0,AUS:Right-hand bat:None:,,,,10.6,,,,,,,0.0,,,,43,,2021-01-02,0.0,,3890984.0,,,,,,,,,,,,0.0,,,3063696.0,,,8587837,27,MT Se,,,JC Sk,bowled,,,,,,1
120.0,,,,,,AFG:Right-hand bat:Right-arm offbreak:,1.0,,,0.0,AUS:Right-hand bat:Right-arm fast-medium:,,,,13.2,,,,,,,0.0,,,,6,,2021-01-02,0.0,,6818776.0,,,,,,,,,,,,0.0,,,34061.0,,,8587837,5,Mb Ur Rn,,,DT Cn,lbw,,,,,,1
0.0,,,,,,AUS:Right-hand bat:Right-arm fast-medium:,,,,0.0,WI:Right-hand bat:Right-arm fast-medium:,,,,14.5,,,,,,,0.0,,,,0,,2021-01-02,0.0,,3890984.0,,,,,,,SD Ht (sub),,,,,0.0,,,3200756.0,,,8587837,3,MT Se,,,CR Be,caught,,,,,,1
150.0,,,,,,,1.0,,,,AUS:Left-hand bat:Left-arm fast-medium:,1.0,,,15.5,,,,,,,0.0,,,,24,,2021-01-02,,,,,,,,,,,,,,,0.0,,,4756982.0,,,8587837,16,,,,BJ Ds,,,,,,,1
0.0,,,,,,AUS:Right-hand bat:Right-arm fast-medium:,,,,0.0,ITA:Right-hand bat:Right-arm offbreak:,,,,19.3,,,,,,,0.0,,,,0,,2021-01-02,0.0,,3890984.0,,,,,,,JA Bs,,,,,0.0,,,7455818.0,,,8587837,1,MT Se,,,BD Mi,caught,,,,,,1
66.67,,,,,,,,,,,AUS:Right-hand bat:Slow left-arm orthodox:,,,,19.4,,,,,,,0.0,,,,2,,2021-01-02,,,,,,,,,,,,,,,0.0,,,49496.0,,,8587837,3,,,,SJ Oe,,,,,,,1
125.0,,,,,,ENG:Right-hand bat:Right-arm medium-fast:,1.0,,,0.0,ENG:Right-hand bat:Right-arm medium:,1.0,,,5.2,,,,,,,0.0,,,,20,,2021-01-02,0.0,,2535420.0,,,,,,,JJ Pn,,,,,0.0,,,2076192.0,,,8587837,16,L Gy,,,JM Ve,caught,,,,,,1
50.0,,,,,,AUS:Right-hand bat:Right-arm fast-medium:,,,,0.0,AUS:Left-hand bat:Right-arm medium:,,,,9.6,,,,,,,1.0,,,,2,,2021-01-02,0.0,,3890984.0,,,,,,,JJ Pn,,,,,0.0,,,4002340.0,,,8587837,4,MT Se,,,DP Hs,caught,,,,,,1
173.91,,,,,,AUS:Right-hand bat:Right-arm fast-medium:,6.0,,,0.0,AUS:Right-hand bat:Right-arm medium:,1.0,,,1.1,,,,,,,0.0,,,,40,,2021-01-02,0.0,,34061.0,,,,,,,JR Pe,,,,,0.0,,,7620269.0,,,8587837,23,DT Cn,,,M Bt,caught,,,,,,2
193.75,,,,,,,2.0,,,,ENG:Right-hand bat:Right-arm medium-fast:,2.0,,,13.6,,,,,,,0.0,,,,31,,2021-01-02,,,,,,,,,,,,,,,0.0,,,2535420.0,,,8587837,16,,,,L Gy,,,,,,,2
125.0,,,,,,AUS:Right-hand bat:Right-arm fast-medium:,,,,0.0,AUS:Right-hand bat:Right-arm fast-medium:,,,,15.4,,,,,,,0.0,,,,5,,2021-01-02,0.0,,34061.0,,,,,,,JC Sk,,,,,0.0,,,4967738.0,,,8587837,4,DT Cn,,,JJ By,caught,,,,,,2
220.0,,,,,,,1.0,,,,AUS:Right-hand bat:Right-arm medium-fast:,1.0,,,16.6,,,,,,,0.0,,,,22,,2021-01-02,,,,,,,,,,,,,,,0.0,,,3995991.0,,,8587837,10,,,,JD Wh,,,,,,,2
14.29,,,,,,AUS:Right-hand bat:Right-arm fast-medium:,,,,0.0,AUS:Right-hand bat:Right-arm medium:,,,,2.1,,,,,,,0.0,,,,1,,2021-01-02,0.0,,1506077.0,,,,,,,BD Mi,,,,,0.0,,,2286437.0,,,8587837,7,JM Bd,,,JA Bs,caught,,,,,,2
111.76,,,,,,AUS:Left-hand bat:Left-arm fast-medium:,2.0,,,0.0,ENG:Right-hand bat:Legbreak:,,,,3.5,,,,,,,0.0,,,,19,,2021-01-02,0.0,,4756982.0,,,,,,,DT Cn,,,,,0.0,,,87191.0,,,8587837,17,BJ Ds,,,JL Dy,caught,,,,,,2
100.0,,,,,,WI:Right-hand bat:Right-arm fast-medium:,,,,0.0,AUS:Left-hand bat:Slow left-arm orthodox:,1.0,,,8.1,,,,,,,0.0,,,,17,,2021-01-02,0.0,,3200756.0,,,,,,,DT Cn,,,,,0.0,,,5786766.0,,,8587837,17,CR Be,,,SD Ht,caught,,,,,,2
105.26,,,,,,AUS:Left-hand bat:Left-arm fast-medium:,,,,0.0,AUS:Right-hand bat:None:,1.0,,,9.5,,,,,,,1.0,,,,20,,2021-01-02,0.0,,4756982.0,,,,,,,,,,,,1.0,,,3114803.0,,,8587837,19,BJ Ds,,,JJ Pn,bowled,,,,,,2
123.81,,,,,,NZ:Right-hand bat:Left-arm wrist-spin:,4.0,,,0.0,NZ:Right-hand bat:Right-arm medium-fast:,,,,1.1,,,,,,,0.0,,,,26,,2021-01-02,0.0,,2666705.0,,,,,,,M Rk,,,,,0.0,,,7907451.0,,,8638041,21,MG Rn,,,KD Ce,stumped,,,,,,1
127.59,,,,,,NZ:Right-hand bat:Right-arm medium:,5.0,,,0.0,NZ:Right-hand bat:None:,3.0,,,1.4,,,,,,,0.0,,,,74,,2021-01-02,0.0,,4195827.0,,,,,,,MJ Mn,,,,,1.0,,,4381761.0,,,8638041,58,MB Bn,,,TL St,caught,,,,,,1
60.0,,,,,,NZ:Left-hand bat:Left-arm fast-medium:,,,,0.0,NZ:Right-hand bat:Right-arm offbreak:,,,,10.6,,,,,,,0.0,,,,3,,2021-01-02,0.0,,2236086.0,,,,,,,MB Bn,,,,,0.0,,,4949790.0,,,8638041,5,MJ Mn,,,HR Cr,caught,,,,,,1
57.14,,,,,,NZ:Right-hand bat:Slow left-arm orthodox:,,,,0.0,NZ:Left-hand bat:Slow left-arm orthodox:,,,,12.6,,,,,,,1.0,,,,4,,2021-01-02,0.0,,2690498.0,,,,,,,,,,,,0.0,,,258649.0,,,8638041,7,AK Kn,,,AP Dh,bowled,,,,,,1
114.29,,,,,,NZ:Right-hand bat:Left-arm wrist-spin:,1.0,,,0.0,NZ:Right-hand bat:Right-arm medium-fast:,,,,14.5,,,,,,,0.0,,,,8,,2021-01-02,0.0,,2666705.0,,,,,,,M Rk,,,,,0.0,,,3834305.0,,,8638041,7,MG Rn,,,BR Hn,caught,,,,,,1
140.0,,,,,,NZ:Right-hand bat:Right-arm medium:,,,,0.0,NZ:Right-hand bat:Right-arm fast-medium:,1.0,,,16.2,,,,,,,0.0,,,,14,,2021-01-02,0.0,,4195827.0,,,,,,,NF Ky,,,,,0.0,,,3776849.0,,,8638041,10,MB Bn,,,SC Kn,caught,,,,,,1
75.0,,,,,,,,,,,NZ:Left-hand bat:Slow left-arm orthodox:,,,,19.5,,,,,,,0.0,,,,3,,2021-01-02,,,,,,,,,,,,,,,0.0,,,7543647.0,,,8638041,4,,,,FL Wr,,,,,,,1
75.0,,,,,,,,,,,NZ:Right-hand bat:Right-arm medium:,,,,19.6,,,,,,,0.0,,,,3,,2021-01-02,,,,,,,,,,,,,,,0.0,,,6718340.0,,,8638041,4,,,,ZN Gn,,,,,,,1
50.0,,,,,,NZ:Right-hand bat:Right-arm medium:,,,,0.0,NZ:Right-hand bat:Right-arm medium:,,,,9.6,,,,,,,0.0,,,,2,,2021-01-02,0.0,,4195827.0,,,,,,,MJ Mn,,,,,0.0,,,31464.0,,,8638041,4,MB Bn,,,DG Be,caught,,,,,,1
175.0,,,,,,NZ:Right-hand bat:Right-arm medium:,6.0,,,0.0,NZ:Left-hand bat:Slow left-arm orthodox:,2.0,,,1.1,,,,,,,0.0,,,,49,,2021-01-02,0.0,,6718340.0,,,,,,,,,,,,0.0,,,2319638.0,,,8638041,28,ZN Gn,,,HD Rd,run out,,,,,,2
85.71,,,,,,NZ:Right-hand bat:Right-arm fast-medium:,1.0,,,0.0,NZ:Right-hand bat:Right-arm medium:,,,,1.2,,,,,,,0.0,,,,6,,2021-01-02,0.0,,3776849.0,,,,,,,FL Wr,,,,,0.0,,,256080.0,,,8638041,7,SC Kn,,,NT Bm,caught,,,,,,2
60.0,,,,,,NZ:Right-hand bat:Right-arm medium-fast:,,,,0.0,NZ:Right-hand bat:Slow left-arm orthodox:,,,,10.2,,,,,,,0.0,,,,3,,2021-01-02,0.0,,7907458.0,,,,,,,TL St,,,,,0.0,,,2690498.0,,,8638041,5,MJ Fr,,,AK Kn,caught,,,,,,2
107.69,,,,,,,1.0,,,,NZ:Right-hand bat:Legbreak:,,,,11.4,,,,,,,0.0,,,,14,,2021-01-02,,,,,,,,,,,,,,,1.0,,,6129276.0,,,8638041,13,,,,M Rk,,,,,,,2
100.0,,,,,,NZ:Right-hand bat:Right-arm medium-fast:,1.0,,,0.0,NZ:Right-hand bat:Left-arm wrist-spin:,,,,14.6,,,,,,,0.0,,,,6,,2021-01-02,0.0,,3834305.0,,,,,,,AP Dh,,,,,0.0,,,2666705.0,,,8638041,6,BR Hn,,,MG Rn,run out,,,,,,2
90.91,,,,,,,1.0,,,,NZ:Right-hand bat:Right-arm fast-medium:,,,,16.1,,,,,,,0.0,,,,10,,2021-01-02,,,,,,,,,,,,,,,0.0,,,6317142.0,,,8638041,11,,,,DN Ps,,,,,,,2
0.0,,,,,,NZ:Right-hand bat:Right-arm medium:,,,,0.0,NZ:Right-hand bat:Right-arm fast-medium:,,,,16.3,,,,,,,1.0,,,,0,,2021-01-02,0.0,,6718340.0,,,,,,,TL St,,,,,0.0,,,3834375.0,,,8638041,3,ZN Gn,,,JA Dy,caught,,,,,,2
107.69,,,,,,,1.0,,,,NZ:Left-hand bat:Left-arm fast-medium:,,,,16.6,,,,,,,0.0,,,,14,,2021-01-02,,,,,,,,,,,,,,,0.0,,,2236086.0,,,8638041,13,,,,MJ Mn,,,,,,,2
106.25,,,,,,NZ:Right-hand bat:Right-arm medium:,3.0,,,0.0,NZ:Right-hand bat:Legbreak:,,,,4.1,,,,,,,0.0,,,,17,,2021-01-02,0.0,,6718340.0,,,,,,,TL St,,,,,0.0,,,7918280.0,,,8638041,16,ZN Gn,,,LC Jn,caught,,,,,,2
76.47,,,,,,NZ:Right-hand bat:Right-arm fast-medium:,1.0,,,0.0,NZ:Left-hand bat:Slow left-arm orthodox:,,,,8.3,,,,,,,0.0,,,,13,,2021-01-02,0.0,,3776849.0,,,,,,,FL Wr,,,,,0.0,,,3913447.0,,,8638041,17,SC Kn,,,NF Ky,caught,,,,,,2
88.57,,,,,,AUS:Left-hand bat:Right-arm fast:,1.0,,,0.0,AUS:Right-hand bat:Right-arm medium:,1.0,,,1.1,,,,,,,0.0,,,,31,,2021-01-02,0.0,,3731307.0,,,,,,,,,,,,1.0,,,4223883.0,,,8587921,35,B Se,,,BR Mt,bowled,,,,,,1
171.43,,,,,,AUS:Right-hand bat:Right-arm offbreak:,2.0,,,0.0,AUS:Left-hand bat:Left-arm wrist-spin:,,,,1.2,,,,,,,0.0,,,,12,,2021-01-02,1.0,,2275195.0,,,,,,,,,,,,0.0,,,2161599.0,,,8587921,7,GJ Ml,,,DM St,bowled,,,,,,1
0.0,,,,,,AUS:Left-hand bat:Right-arm fast:,,,,0.0,AUS:Right-hand bat:Right-arm fast-medium:,,,,14.2,,,,,,,0.0,,,,0,,2021-01-02,0.0,,3731307.0,,,,,,,GJ Ml,,,,,0.0,,,5788418.0,,,8587921,1,B Se,,,NT Es,caught,,,,,,1
216.67,,,,,,AUS:Left-hand bat:Right-arm fast:,1.0,,,0.0,SA:Left-hand bat:Legbreak:,3.0,,,14.4,,,,,,,0.0,,,,26,,2021-01-02,0.0,,3731307.0,,,,,,,HR Ct,,,,,0.0,,,319948.0,,,8587921,12,B Se,,,CA Im,caught,,,,,,1
114.29,,,,,,,,,,,AUS:Right-hand bat:Right-arm offbreak:,,,,18.7,,,,,,,0.0,,,,8,,2021-01-02,,,,,,,,,,,,,,,0.0,,,6249256.0,,,8587921,7,,,,TH Dd,,,,,,,1
100.0,,,,,,,,,,,AUS:Right-hand bat:None:,,,,19.6,,,,,,,1.0,,,,3,,2021-01-02,,,,,,,,,,,,,,,0.0,,,2340372.0,,,8587921,3,,,,PP Hb,,,,,,,1
133.93,,,,,,AUS:Right-hand bat:Left-arm medium-fast:,7.0,,,0.0,ENG:Left-hand bat:Legbreak:,3.0,,,2.5,,,,,,,0.0,,,,75,,2021-01-02,0.0,,2337117.0,,,,,,,GJ Ml,,,,,0.0,,,1655436.0,,,8587921,56,SL Rd,,,DJ Mn,caught,,,,,,1
125.0,,,,,,AUS:Right-hand bat:Right-arm fast-medium:,2.0,,,0.0,WI:Right-hand bat:Right-arm medium-fast:,,,,1.1,,,,,,,0.0,,,,10,,2021-01-02,0.0,,3125849.0,,,,,,,,,,,,0.0,,,363047.0,,,8587921,8,SM Bd,,,AS Fr,run out,,,,,,2
33.33,,,,,,NEP:Right-hand bat:Legbreak googly:,,,,0.0,AUS:Left-hand bat:Right-arm offbreak:,,,,13.5,,,,,,,0.0,,,,2,,2021-01-02,0.0,,6722540.0,,,,,,,BR Mt,,,,,0.0,,,2720759.0,,,8587921,6,S Le,,,BR Dk,caught,,,,,,2
136.36,,,,,,AUS:Right-hand bat:Right-arm fast-medium:,1.0,,,0.0,AUS:Right-hand bat:Left-arm medium-fast:,,,,14.3,,,,,,,0.0,,,,15,,2021-01-02,0.0,,3125849.0,,,,,,,NT Es,,,,,0.0,,,2337117.0,,,8587921,11,SM Bd,,,SL Rd,caught,,,,,,2
62.5,,,,,,AUS:Right-hand bat:Right-arm fast-medium:,1.0,,,0.0,AUS:Right-hand bat:Right-arm fast-medium:,,,,15.6,,,,,,,0.0,,,,5,,2021-01-02,0.0,,5788418.0,,,,,,,PP Hb,,,,,0.0,,,6308098.0,,,8587921,8,NT Es,,,LC Hr,caught,,,,,,2
33.33,,,,,,AUS:Right-hand bat:Right-arm fast-medium:,,,,0.0,AUS:Right-hand bat:Right-arm fast:,,,,17.6,,,,,,,0.0,,,,2,,2021-01-02,0.0,,5788418.0,,,,,,,,,,,,0.0,,,7877232.0,,,8587921,6,NT Es,,,LR Ms,bowled,,,,,,2
25.0,,,,,,,,,,,AUS:Left-hand bat:Right-arm fast:,,,,19.1,,,,,,,0.0,,,,2,,2021-01-02,,,,,,,,,,,,,,,0.0,,,3731307.0,,,8587921,8,,,,B Se,,,,,,,2
50.0,,,,,,,,,,,AFG:Left-hand bat:Left-arm wrist-spin:,,,,19.6,,,,,,,0.0,,,,2,,2021-01-02,,,,,,,,,,,,,,,0.0,,,4985546.0,,,8587921,4,,,,Zr Kn,,,,,,,2
70.0,,,,,,AUS:Right-hand bat:Right-arm fast-medium:,1.0,,,0.0,AUS:Right-hand bat:Right-arm medium:,,,,2.1,,,,,,,0.0,,,,7,,2021-01-02,0.0,,3125849.0,,,,,,,PP Hb,,,,,0.0,,,2275097.0,,,8587921,10,SM Bd,,,MP Ss,caught,,,,,,2
189.19,,,,,,SA:Right-hand bat:Right-arm offbreak:,6.0,,,0.0,AUS:Right-hand bat:Right-arm offbreak:,5.0,,,4.1,,,,,,,1.0,,,,70,,2021-01-02,0.0,,309056.0,,,,,,,DM St,,,,,0.0,,,2275195.0,,,8587921,37,J Ba,,,GJ Ml,caught,,,,,,2
114.29,,,,,,NEP:Right-hand bat:Legbreak googly:,,,,0.0,AUS:Right-hand bat:Right-arm medium:,,,,4.5,,,,,,,0.0,,,,8,,2021-01-02,0.0,,6722540.0,,,,,,,,,,,,0.0,,,3901078.0,,,8587921,7,S Le,,,HR Ct,bowled,,,,,,2
93.33,,,,,,AUS:Right-hand bat:Right-arm fast-medium:,,,,0.0,WI:Left-hand bat:Right-arm offbreak:,1.0,,,6.5,,,,,,,0.0,,,,14,,2021-01-02,0.0,,3125849.0,,,,,,,BR Mt,,,,,1.0,,,4230127.0,,,8587921,15,SM Bd,,,N Pn,caught,,,,,,2
50.0,,,,,,NZ:Left-hand bat:Left-arm medium-fast:,,,,0.0,NZ:Right-hand bat:Right-arm offbreak:,,,,1.1,,,,,,,0.0,,,,1,,2021-01-03,0.0,,3834319.0,,,,,,,LJ Cr,,,,,0.0,,,5764576.0,,,8638048,2,EJ Nl,,,GD Ps,caught,,,,,,1
192.31,,,,,,NZ:Right-hand bat:Right-arm medium-fast:,2.0,,,0.0,NZ:Left-hand bat:Slow left-arm orthodox:,1.0,,,1.2,,,,,,,0.0,,,,25,,2021-01-03,0.0,,4136404.0,,,,,,,LJ Cr,,,,,0.0,,,3069954.0,,,8638048,13,WA Ws,,,MS Cn,caught,,,,,,1
100.0,,,,,,NZ:Right-hand bat:Right-arm medium:,,,,0.0,NZ:Right-hand bat:Right-arm medium:,,,,1.7,,,,,,,1.0,,,,4,,2021-01-03,0.0,,3913433.0,,,,,,,WA Ws,,,,,0.0,,,3935854.0,,,8638048,4,SB Dy,,,RR Ol,caught,,,,,,1
185.71,,,,,,,,,,,NZ:Right-hand bat:Slow left-arm orthodox:,1.0,,,3.2,,,,,,,0.0,,,,13,,2021-01-03,,,,,,,,,,,,,,,1.0,,,3913440.0,,,8638048,7,,,,BJ He,,,,,,,1
125.0,,,,,,NZ:Right-hand bat:Right-arm medium:,,,,0.0,NZ:Left-hand bat:Right-arm medium:,,,,4.5,,,,,,,0.0,,,,5,,2021-01-03,0.0,,7871310.0,,,,,,,,,,,,0.0,,,4949776.0,,,8638048,4,FW St,,,SM Sa,bowled,,,,,,1
115.38,,,,,,,1.0,,,,NZ:Right-hand bat:Right-arm offbreak:,1.0,,,1.1,,,,,,,0.0,,,,15,,2021-01-03,,,,,,,,,,,,,,,0.0,,,4381747.0,,,8638048,13,,,,KJ Me,,,,,,,2
278.57,,,,,,,2.0,,,,NZ:Right-hand bat:Right-arm medium:,4.0,,,1.7,,,,,,,0.0,,,,39,,2021-01-03,,,,,,,,,,,,,,,0.0,,,2659243.0,,,8638048,14,,,,CJ Bs,,,,,,,2
33.33,,,,,,AUS:Left-hand bat:Left-arm fast-medium:,,,,0.0,ENG:Right-hand bat:Right-arm offbreak:,,,,1.1,,,,,,,0.0,,,,1,,2021-01-03,0.0,,4756982.0,,,,,,,CR Be,,,,,0.0,,,4685568.0,,,8587907,3,BJ Ds,,,PD St,caught,,,,,,1
100.0,,,,,,ITA:Right-hand bat:Right-arm offbreak:,1.0,,,0.0,AUS:Left-hand bat:Right-arm offbreak:,,,,1.3,,,,,,,0.0,,,,6,,2021-01-03,0.0,,7455818.0,,,,,,,JR Pe,,,,,0.0,,,5056134.0,,,8587907,6,BD Mi,,,MT Rw,caught,,,,,,1
141.67,,,,,,,1.0,,,,AUS:Left-hand bat:Legbreak:,2.0,,,13.3,,,,,,,0.0,,,,34,,2021-01-03,,,,,,,,,,,,,,,0.0,,,5469008.0,,,8587907,24,,,,J Wd,,,,,,,1
117.86,,,,,,ENG:Right-hand bat:Right-arm fast-medium:,8.0,,,0.0,AUS:Right-hand bat:Right-arm medium:,,,,2.4,,,,,,,0.0,,,,66,,2021-01-03,0.0,,2904943.0,,,,,,,DT Cn,,,,,0.0,,,1635773.0,,,8587907,56,JT Bl,,,JW Ws,caught,,,,,,1
100.0,,,,,,AUS:Right-hand bat:Right-arm fast-medium:,2.0,,,0.0,AUS:Left-hand bat:None:,1.0,,,2.5,,,,,,,1.0,,,,31,,2021-01-03,0.0,,34061.0,,,,,,,CR Be,,,,,1.0,,,2285051.0,,,8587907,31,DT Cn,,,AT Cy,caught,,,,,,1
170.83,,,,,,AFG:Right-hand bat:Legbreak googly:,5.0,,,0.0,AUS:Right-hand bat:None:,1.0,,,1.1,,,,,,,0.0,,,,41,,2021-01-03,0.0,,5554254.0,,,,,,,,,,,,1.0,,,7869987.0,,,8587907,24,Rd Kn,,,JR Pe,bowled,,,,,,2
135.71,,,,,,,6.0,,,,AUS:Right-hand bat:None:,,,,11.3,,,,,,,0.0,,,,38,,2021-01-03,,,,,,,,,,,,,,,0.0,,,3063696.0,,,8587907,28,,,,JC Sk,,,,,,,2
140.0,,,,,,AFG:Right-hand bat:Legbreak googly:,3.0,,,0.0,AUS:Right-hand bat:Right-arm medium:,,,,2.1,,,,,,,0.0,,,,14,,2021-01-03,0.0,,5554254.0,,,,,,,,,,,,0.0,,,7620283.0,,,8587907,10,Rd Kn,,,J Es,bowled,,,,,,2
136.36,,,,,,,3.0,,,,ENG:Right-hand bat:Right-arm medium:,1.0,,,5.3,,,,,,,0.0,,,,45,,2021-01-03,,,,,,,,,,,,,,,0.0,,,2076192.0,,,8587907,33,,,,JM Ve,,,,,,,2
92.31,,,,,,AFG:Right-hand bat:Legbreak googly:,1.0,,,0.0,AUS:Left-hand bat:Right-arm medium:,,,,7.3,,,,,,,1.0,,,,12,,2021-01-03,0.0,,5554254.0,,,,,,,,,,,,0.0,,,4002340.0,,,8587907,13,Rd Kn,,,DP Hs,lbw,,,,,,2
84.38,,,,,,AUS:Right-hand bat:Right-arm medium-fast:,2.0,,,0.0,ENG:Right-hand bat:None:,,,,1.1,,,,,,,0.0,,,,27,,2021-01-03,0.0,,6842170.0,,,,,,,AJ Fh,,,,,0.0,,,2089079.0,,,8587984,32,JA Pe,,,JJ Ry,caught,,,,,,1
117.65,,,,,,AFG:Right-hand bat:Left-arm wrist-spin:,1.0,,,0.0,ENG:Right-hand bat:Right-arm offbreak:,1.0,,,1.2,,,,,,,0.0,,,,20,,2021-01-03,0.0,,8277716.0,,,,,,,SB Hr,,,,,0.0,,,2827327.0,,,8587984,17,Nr Ad,,,LS Le,stumped,,,,,,1
167.74,,,,,,AUS:Right-hand bat:Right-arm medium-fast:,1.0,,,0.0,NZ:Left-hand bat:Right-arm medium-fast:,5.0,,,10.2,,,,,,,0.0,,,,52,,2021-01-03,0.0,,6842170.0,,,,,,,SB Hr,,,,,0.0,,,1626526.0,,,8587984,31,JA Pe,,,C Mo,caught,,,,,,1
350.0,,,,,,,,,,,AUS:Right-hand bat:Right-arm medium:,1.0,,,20.2,,,,,,,0.0,,,,7,,2021-01-03,,,,,,,,,,,,,,,0.0,,,1907163.0,,,8587984,2,,,,MR Mh,,,,,,,1
175.61,,,,,,,7.0,,,,AUS:Right-hand bat:None:,2.0,,,6.7,,,,,,,0.0,,,,72,,2021-01-03,,,,,,,,,,,,,,,1.0,,,4635658.0,,,8587984,41,,,,JP Is,,,,,,,1
200.0,,,,,,AUS:Right-hand bat:Right-arm fast:,1.0,,,0.0,AUS:Right-hand bat:None:,,,,1.1,,,,,,,0.0,,,,4,,2021-01-03,0.0,,5419574.0,,,,,,,,,,,,1.0,,,5406540.0,,,8587984,2,JA Rn,,,SB Hr,bowled,,,,,,2
114.29,,,,,,,1.0,,,,AUS:Right-hand bat:Slow left-arm orthodox:,,,,1.3,,,,,,,1.0,,,,8,,2021-01-03,,,,,,,,,,,,,,,0.0,,,37351.0,,,8587984,7,,,,AJ Fh,,,,,,,2
127.27,,,,,,AUS:Right-hand bat:Left-arm fast-medium:,1.0,,,0.0,AUS:Left-hand bat:Slow left-arm orthodox:,1.0,,,1.4,,,,,,,0.0,,,,14,,2021-01-03,0.0,,1907352.0,,,,,,,JJ Ry,,,,,0.0,,,46794.0,,,8587984,11,JP Bf,,,SE Mh,run out,,,,,,2
40.0,,,,,,AUS:Right-hand bat:Left-arm fast-medium:,,,,0.0,AUS:Right-hand bat:Right-arm medium:,,,,3.1,,,,,,,0.0,,,,2,,2021-01-03,0.0,,1907352.0,,,,,,,MR Mh,,,,,0.0,,,2669316.0,,,8587984,5,JP Bf,,,BJ Wr,caught,,,,,,2
55.56,,,,,,AUS:Right-hand bat:Right-arm medium-fast:,,,,0.0,AFG:Right-hand bat:Right-arm offbreak:,,,,4.3,,,,,,,0.0,,,,5,,2021-01-03,0.0,,7869994.0,,,,,,,LS Le,,,,,0.0,,,181404.0,,,8587984,9,AM He,,,Md Ni,caught,,,,,,2
150.0,,,,,,AUS:Right-hand bat:Right-arm medium-fast:,1.0,,,0.0,SA:Left-hand bat:Right-arm offbreak:,,,,5.5,,,,,,,0.0,,,,6,,2021-01-03,0.0,,3216569.0,,,,,,,AM He,,,,,0.0,,,2231928.0,,,8587984,4,AJ Te,,,RR Rw,caught,,,,,,2
137.5,,,,,,AUS:Right-hand bat:Legbreak googly:,1.0,,,0.0,AUS:Right-hand bat:Right-arm medium-fast:,3.0,,,6.5,,,,,,,0.0,,,,33,,2021-01-03,0.0,,1684276.0,,,,,,,JP Bf,,,,,0.0,,,6842170.0,,,8587984,24,Fd Ad,,,JA Pe,run out,,,,,,2
300.0,,,,,,,2.0,,,,AUS:Right-hand bat:Right-arm fast-medium:,,,,8.2,,,,,,,0.0,,,,9,,2021-01-03,,,,,,,,,,,,,,,0.0,,,1905847.0,,,8587984,3,,,,KW Rn,,,,,,,2
0.0,,,,,,AUS:Right-hand bat:Legbreak googly:,,,,0.0,AUS:Right-hand bat:Left-arm fast-medium:,,,,9.3,,,,,,,0.0,,,,0,,2021-01-03,0.0,,1684276.0,,,,,,,AJ Tr,,,,,0.0,,,1906708.0,,,8587984,3,Fd Ad,,,JK Lr,caught,,,,,,2
11.11,,,,,,AUS:Right-hand bat:Legbreak googly:,,,,0.0,AUS:Right-hand bat:Legbreak googly:,,,,9.6,,,,,,,0.0,,,,1,,2021-01-03,0.0,,1684276.0,,,,,,,JP Is,,,,,0.0,,,8339701.0,,,8587984,9,Fd Ad,,,P Hu,caught,,,,,,2
104.55,,,,,,NZ:Right-hand bat:Right-arm offbreak:,3.0,,,0.0,NZ:Left-hand bat:Slow left-arm orthodox:,,,,1.1,,,,,,,1.0,,,,23,,2021-01-04,0.0,,3566240.0,,,,,,,AP Dh,,,,,0.0,,,1945390.0,,,8638055,22,JG Wr,,,GH Wr,caught,,,,,,1
109.52,,,,,,NZ:Right-hand bat:Right-arm medium:,3.0,,,0.0,NZ:Right-hand bat:Right-arm medium:,,,,1.2,,,,,,,0.0,,,,23,,2021-01-04,0.0,,6718340.0,,,,,,,FL Wr,,,,,0.0,,,6487032.0,,,8638055,21,ZN Gn,,,CK Ld,caught,,,,,,1
0.0,,,,,,NZ:Left-hand bat:Slow left-arm orthodox:,,,,0.0,NZ:Right-hand bat:Right-arm medium:,,,,10.3,,,,,,,0.0,,,,0,,2021-01-04,0.0,,7543647.0,,,,,,,DG Be,,,,,0.0,,,6496118.0,,,8638055,5,FL Wr,,,JA Cn,caught,,,,,,1
69.23,,,,,,NZ:Right-hand bat:Right-arm medium-fast:,1.0,,,0.0,NZ:Right-hand bat:Right-arm fast-medium:,,,,12.2,,,,,,,0.0,,,,9,,2021-01-04,0.0,,3834305.0,,,,,,,SC Kn,,,,,0.0,,,2537800.0,,,8638055,13,BR Hn,,,DJ Bl,caught,,,,,,1
50.0,,,,,,NZ:Right-hand bat:Right-arm medium-fast:,,,,0.0,NZ:Left-hand bat:Right-arm medium:,,,,13.2,,,,,,,0.0,,,,4,,2021-01-04,0.0,,3834305.0,,,,,,,TL St,,,,,0.0,,,1626540.0,,,8638055,8,BR Hn,,,K Nt,caught,,,,,,1
100.0,,,,,,,2.0,,,,NZ:Right-hand bat:Right-arm offbreak:,,,,15.3,,,,,,,0.0,,,,22,,2021-01-04,,,,,,,,,,,,,,,0.0,,,3558316.0,,,8638055,22,,,,BS Sh,,,,,,,1
100.0,,,,,,NZ:Left-hand bat:Slow left-arm orthodox:,1.0,,,0.0,NZ:Left-hand bat:Slow left-arm orthodox:,,,,18.1,,,,,,,0.0,,,,6,,2021-01-04,0.0,,7543647.0,,,,,,,BR Hn,,,,,0.0,,,4170494.0,,,8638055,6,FL Wr,,,AY Pl,caught,,,,,,1
50.0,,,,,,NZ:Right-hand bat:Right-arm offbreak:,,,,0.0,NZ:Right-hand bat:Right-arm medium-fast:,,,,19.6,,,,,,,0.0,,,,1,,2021-01-04,0.0,,4949790.0,,,,,,,JG Wr,,,,,0.0,,,8354821.0,,,8638055,2,HR Cr,,,JA Fd,caught,,,,,,1
0.0,,,,,,NZ:Right-hand bat:Right-arm offbreak:,,,,0.0,NZ:Right-hand bat:Right-arm medium-fast:,,,,20.6,,,,,,,0.0,,,,0,,2021-01-04,0.0,,4949790.0,,,,,,,TL St,,,,,0.0,,,5984376.0,,,8638055,1,HR Cr,,,BM Tr,caught,,,,,,1
85.0,,,,,,NZ:Right-hand bat:Right-arm medium-fast:,2.0,,,0.0,NZ:Right-hand bat:Legbreak:,,,,6.4,,,,,,,0.0,,,,17,,2021-01-04,0.0,,3834305.0,,,,,,,TL St,,,,,1.0,,,3083632.0,,,8638055,20,BR Hn,,,D Cr,caught,,,,,,1
200.0,,,,,,NZ:Right-hand bat:Right-arm medium-fast:,5.0,,,0.0,NZ:Right-hand bat:Right-arm medium-fast:,,,,1.1,,,,,,,0.0,,,,24,,2021-01-04,0.0,,5984376.0,,,,,,,GH Wr,,,,,0.0,,,7907451.0,,,8638055,12,BM Tr,,,KD Ce,caught,,,,,,2
159.09,,,,,,,3.0,,,,NZ:Left-hand bat:Slow left-arm orthodox:,2.0,,,10.3,,,,,,,1.0,,,,35,,2021-01-04,,,,,,,,,,,,,,,0.0,,,258649.0,,,8638055,22,,,,AP Dh,,,,,,,2
88.24,,,,,,,,,,,NZ:Right-hand bat:Right-arm medium-fast:,1.0,,,14.4,,,,,,,0.0,,,,15,,2021-01-04,,,,,,,,,,,,,,,0.0,,,3834305.0,,,8638055,17,,,,BR Hn,,,,,,,2
88.0,,,,,,NZ:Left-hand bat:Slow left-arm orthodox:,4.0,,,0.0,NZ:Right-hand bat:None:,,,,2.1,,,,,,,0.0,,,,22,,2021-01-04,0.0,,8447396.0,,,,,,,,,,,,1.0,,,4381761.0,,,8638055,25,JR Lx,,,TL St,bowled,,,,,,2
0.0,,,,,,NZ:Left-hand bat:Slow left-arm orthodox:,,,,0.0,NZ:Right-hand bat:Right-arm medium:,,,,5.1,,,,,,,0.0,,,,0,,2021-01-04,0.0,,8447396.0,,,,,,,GH Wr,,,,,0.0,,,31464.0,,,8638055,3,JR Lx,,,DG Be,caught,,,,,,2
82.14,,,,,,NZ:Right-hand bat:Right-arm medium-fast:,1.0,,,0.0,NZ:Right-hand bat:Right-arm offbreak:,,,,5.4,,,,,,,0.0,,,,23,,2021-01-04,0.0,,5984376.0,,,,,,,BS Sh,,,,,0.0,,,4949790.0,,,8638055,28,BM Tr,,,HR Cr,caught,,,,,,2
250.0,,,,,,AUS:Right-hand bat:Right-arm fast:,2.0,,,0.0,WI:Right-hand bat:Right-arm medium-fast:,,,,1.1,,,,,,,0.0,,,,10,,2021-01-04,0.0,,6732004.0,,,,,,,BR Mt,,,,,0.0,,,363047.0,,,8588166,4,RP Mh,,,AS Fr,caught,,,,,,1
44.44,,,,,,AUS:Right-hand bat:Right-arm fast:,1.0,,,0.0,AUS:Right-hand bat:None:,,,,1.6,,,,,,,0.0,,,,4,,2021-01-04,0.0,,6732004.0,,,,,,,TH Dd,,,,,0.0,,,3737103.0,,,8588166,9,RP Mh,,,NR Ln,caught,,,,,,1
150.0,,,,,,AUS:Right-hand bat:Right-arm fast-medium:,1.0,,,0.0,AUS:Right-hand bat:Right-arm medium:,3.0,,,14.3,,,,,,,0.0,,,,36,,2021-01-04,0.0,,5788418.0,,,,,,,,,,,,0.0,,,3901078.0,,,8588166,24,NT Es,,,HR Ct,bowled,,,,,,1
0.0,,,,,,AUS:Right-hand bat:Right-arm fast-medium:,,,,0.0,AUS:Right-hand bat:Right-arm medium:,,,,19.6,,,,,,,0.0,,,,0,,2021-01-04,0.0,,5788418.0,,,,,,,BR Mt,,,,,1.0,,,3501882.0,,,8588166,1,NT Es,,,SE Gh,caught,,,,,,1
176.36,,,,,,,7.0,,,,AUS:Right-hand bat:Right-arm medium:,7.0,,,2.1,,,,,,,0.0,,,,97,,2021-01-04,,,,,,,,,,,,,,,0.0,,,2275097.0,,,8588166,55,,,,MP Ss,,,,,,,1
85.71,,,,,,NEP:Right-hand bat:Legbreak googly:,,,,0.0,AUS:Right-hand bat:Right-arm offbreak:,,,,6.1,,,,,,,1.0,,,,6,,2021-01-04,0.0,,6722540.0,,,,,,,,,,,,0.0,,,2275195.0,,,8588166,7,S Le,,,GJ Ml,lbw,,,,,,1
123.81,,,,,,AUS:Right-hand bat:Right-arm fast-medium:,3.0,,,0.0,WI:Left-hand bat:Right-arm offbreak:,1.0,,,8.3,,,,,,,0.0,,,,26,,2021-01-04,0.0,,5788418.0,,,,,,,,,,,,0.0,,,4230127.0,,,8588166,21,NT Es,,,N Pn,bowled,,,,,,1
156.9,,,,,,AUS:Right-hand bat:Right-arm fast-medium:,8.0,,,0.0,AUS:Right-hand bat:Right-arm medium:,5.0,,,1.1,,,,,,,0.0,,,,91,,2021-01-04,0.0,,6308098.0,,,,,,,AS Fr,,,,,1.0,,,4223883.0,,,8588166,58,LC Hr,,,BR Mt,caught,,,,,,2
61.54,,,,,,AUS:Right-hand bat:Left-arm medium-fast:,1.0,,,0.0,AUS:Left-hand bat:Left-arm wrist-spin:,,,,1.3,,,,,,,0.0,,,,8,,2021-01-04,0.0,,2337117.0,,,,,,,NR Ln,,,,,0.0,,,2161599.0,,,8588166,13,SL Rd,,,DM St,caught,,,,,,2
130.77,,,,,,AUS:Left-hand bat:Right-arm fast:,1.0,,,0.0,SA:Left-hand bat:Legbreak:,1.0,,,13.4,,,,,,,0.0,,,,17,,2021-01-04,0.0,,3731307.0,,,,,,,AS Fr,,,,,0.0,,,319948.0,,,8588166,13,B Se,,,CA Im,caught,,,,,,2
66.67,,,,,,AUS:Right-hand bat:Left-arm medium-fast:,,,,0.0,AUS:Right-hand bat:Right-arm offbreak:,,,,18.1,,,,,,,0.0,,,,2,,2021-01-04,0.0,,2337117.0,,,,,,,,,,,,0.0,,,6249256.0,,,8588166,3,SL Rd,,,TH Dd,bowled,,,,,,2
233.33,,,,,,AUS:Left-hand bat:Right-arm fast:,1.0,,,0.0,AUS:Right-hand bat:None:,2.0,,,18.5,,,,,,,1.0,,,,21,,2021-01-04,0.0,,3731307.0,,,,,,,,,,,,0.0,,,2340372.0,,,8588166,9,B Se,,,PP Hb,run out,,,,,,2
100.0,,,,,,,,,,,AUS:Right-hand bat:Right-arm fast-medium:,,,,20.1,,,,,,,0.0,,,,2,,2021-01-04,,,,,,,,,,,,,,,0.0,,,5788418.0,,,8588166,2,,,,NT Es,,,,,,,2
100.0,,,,,,,,,,,SA:Right-hand bat:Right-arm offbreak:,,,,20.5,,,,,,,0.0,,,,1,,2021-01-04,,,,,,,,,,,,,,,0.0,,,309056.0,,,8588166,1,,,,J Ba,,,,,,,2
118.18,,,,,,AUS:Right-hand bat:Legbreak googly:,2.0,,,0.0,ENG:Left-hand bat:Legbreak:,1.0,,,5.5,,,,,,,0.0,,,,26,,2021-01-04,0.0,,2656541.0,,,,,,,,,,,,0.0,,,1655436.0,,,8588166,22,A Za,,,DJ Mn,lbw,,,,,,2
0.0,,,,,,AUS:Right-hand bat:Right-arm fast-medium:,,,,0.0,AUS:Left-hand bat:Right-arm medium:,,,,1.1,,,,,,,0.0,,,,0,,2021-01-04,0.0,,7353828.0,,,,,,,Mb Ur Rn,,,,,0.0,,,1506098.0,,,8587970,2,XC Bt,,,UT Ka,caught,,,,,,1
176.92,,,,,,AFG:Right-hand bat:Right-arm offbreak:,3.0,,,0.0,ENG:Right-hand bat:Right-arm medium:,3.0,,,1.3,,,,,,,0.0,,,,46,,2021-01-04,0.0,,6818776.0,,,,,,,L Gy,,,,,0.0,,,1749075.0,,,8587970,26,Mb Ur Rn,,,AD Hs,caught,,,,,,1
0.0,,,,,,AUS:Right-hand bat:Right-arm fast-medium:,,,,0.0,AUS:Right-hand bat:Right-arm offbreak:,,,,12.6,,,,,,,0.0,,,,0,,2021-01-04,0.0,,3890984.0,,,,,,,JD Wh,,,,,0.0,,,7534652.0,,,8587970,2,MT Se,,,O Ds,caught,,,,,,1
205.56,,,,,,ENG:Right-hand bat:Right-arm medium-fast:,3.0,,,0.0,AUS:Right-hand bat:Left-arm fast-medium:,2.0,,,13.6,,,,,,,0.0,,,,37,,2021-01-04,0.0,,2535420.0,,,,,,,Mb Ur Rn,,,,,0.0,,,5788320.0,,,8587970,18,L Gy,,,DR Ss,caught,,,,,,1
160.0,,,,,,AUS:Right-hand bat:Right-arm fast-medium:,1.0,,,0.0,AUS:Right-hand bat:Right-arm fast-medium:,2.0,,,14.5,,,,,,,0.0,,,,24,,2021-01-04,0.0,,3890984.0,,,,,,,M Bt,,,,,0.0,,,1612610.0,,,8587970,15,MT Se,,,BJ Cg,caught,,,,,,1
50.0,,,,,,AUS:Right-hand bat:Right-arm medium-fast:,,,,0.0,AUS:Right-hand bat:Right-arm offbreak:,,,,19.1,,,,,,,0.0,,,,1,,2021-01-04,0.0,,3995991.0,,,,,,,JA Bs,,,,,0.0,,,5509524.0,,,8587970,2,JD Wh,,,CJ Gn,caught,,,,,,1
102.94,,,,,,AFG:Right-hand bat:Right-arm offbreak:,4.0,,,0.0,AUS:Right-hand bat:Right-arm medium:,,,,2.1,,,,,,,1.0,,,,35,,2021-01-04,0.0,,6818776.0,,,,,,,M Bt,,,,,0.0,,,36665.0,,,8587970,34,Mb Ur Rn,,,CJ Fn,caught,,,,,,1
125.0,,,,,,,,,,,AUS:Right-hand bat:Right-arm medium-fast:,,,,20.2,,,,,,,0.0,,,,5,,2021-01-04,,,,,,,,,,,,,,,0.0,,,5497274.0,,,8587970,4,,,,N Mw,,,,,,,1
100.0,,,,,,,,,,,NZ:Right-hand bat:Right-arm fast:,,,,20.5,,,,,,,0.0,,,,1,,2021-01-04,,,,,,,,,,,,,,,0.0,,,3156033.0,,,8587970,1,,,,AF Me,,,,,,,1
137.5,,,,,,AFG:Right-hand bat:Right-arm offbreak:,,,,0.0,ENG:Right-hand bat:None:,2.0,,,9.6,,,,,,,0.0,,,,22,,2021-01-04,0.0,,6818776.0,,,,,,,,,,,,1.0,,,2083409.0,,,8587970,16,Mb Ur Rn,,,SW Bs,run out,,,,,,1
136.36,,,,,,AUS:Right-hand bat:Right-arm offbreak:,1.0,,,0.0,AUS:Right-hand bat:Right-arm medium:,1.0,,,1.1,,,,,,,0.0,,,,15,,2021-01-04,0.0,,5509524.0,,,,,,,N Mw,,,,,0.0,,,7620269.0,,,8587970,11,CJ Gn,,,M Bt,caught,,,,,,2
187.5,,,,,,AUS:Right-hand bat:Legbreak:,3.0,,,0.0,AUS:Right-hand bat:Slow left-arm orthodox:,2.0,,,1.5,,,,,,,0.0,,,,30,,2021-01-04,0.0,,8193310.0,,,,,,,O Ds,,,,,0.0,,,2286472.0,,,8587970,16,T Sa,,,CA Ln,caught,,,,,,2
0.0,,,,,,AUS:Right-hand bat:Legbreak:,,,,0.0,ENG:Right-hand bat:Right-arm medium-fast:,,,,15.7,,,,,,,0.0,,,,0,,2021-01-04,0.0,,8193310.0,,,,,,,CJ Gn,,,,,0.0,,,2535420.0,,,8587970,1,T Sa,,,L Gy,caught,,,,,,2
136.36,,,,,,,2.0,,,,AUS:Right-hand bat:None:,,,,16.1,,,,,,,1.0,,,,15,,2021-01-04,,,,,,,,,,,,,,,1.0,,,3114803.0,,,8587970,11,,,,JJ Pn,,,,,,,2
133.33,,,,,,,1.0,,,,AUS:Right-hand bat:Right-arm fast-medium:,,,,19.5,,,,,,,0.0,,,,4,,2021-01-04,,,,,,,,,,,,,,,0.0,,,4967738.0,,,8587970,3,,,,JJ By,,,,,,,2
138.89,,,,,,AUS:Right-hand bat:Legbreak:,4.0,,,0.0,ENG:Right-hand bat:Legbreak:,2.0,,,4.5,,,,,,,0.0,,,,50,,2021-01-04,0.0,,8193310.0,,,,,,,SW Bs,,,,,0.0,,,87191.0,,,8587970,36,T Sa,,,JL Dy,stumped,,,,,,2
136.84,,,,,,AUS:Right-hand bat:Right-arm medium-fast:,5.0,,,0.0,AUS:Right-hand bat:Right-arm medium:,2.0,,,6.3,,,,,,,0.0,,,,52,,2021-01-04,0.0,,5497274.0,,,,,,,UT Ka,,,,,0.0,,,2286437.0,,,8587970,38,N Mw,,,JA Bs,caught,,,,,,2
125.0,,,,,,AFG:Right-hand bat:Right-arm offbreak:,2.0,,,0.0,AUS:Left-hand bat:Right-arm offbreak:,1.0,,,1.1,,,,,,,0.0,,,,35,,2021-01-05,0.0,,181404.0,,,,,,,JK Lr,,,,,0.0,,,5056134.0,,,8587844,28,Md Ni,,,MT Rw,caught,,,,,,1
72.73,,,,,,AUS:Right-hand bat:Right-arm fast-medium:,1.0,,,0.0,ENG:Right-hand bat:Right-arm offbreak:,,,,1.2,,,,,,,0.0,,,,8,,2021-01-05,0.0,,1905847.0,,,,,,,BJ Wr,,,,,0.0,,,4685568.0,,,8587844,11,KW Rn,,,PD St,caught,,,,,,1
66.67,,,,,,PAK:Left-hand bat:Slow left-arm orthodox:,,,,0.0,AUS:Right-hand bat:Right-arm medium:,,,,10.5,,,,,,,0.0,,,,2,,2021-01-05,0.0,,1594319.0,,,,,,,KW Rn,,,,,0.0,,,1635773.0,,,8587844,3,Id Wm,,,JW Ws,caught,,,,,,1
204.0,,,,,,AUS:Right-hand bat:Right-arm fast-medium:,5.0,,,0.0,AUS:Left-hand bat:Legbreak:,4.0,,,12.1,,,,,,,0.0,,,,51,,2021-01-05,0.0,,1905847.0,,,,,,,BJ Wr,,,,,0.0,,,5469008.0,,,8587844,25,KW Rn,,,J Wd,caught,,,,,,1
138.71,,,,,,,4.0,,,,AUS:Right-hand bat:Right-arm medium:,1.0,,,12.6,,,,,,,0.0,,,,43,,2021-01-05,,,,,,,,,,,,,,,0.0,,,5776490.0,,,8587844,31,,,,RJ Gn,,,,,,,1
100.0,,,,,,PAK:Left-hand bat:Slow left-arm orthodox:,1.0,,,0.0,AUS:Left-hand bat:None:,1.0,,,5.1,,,,,,,1.0,,,,24,,2021-01-05,0.0,,1594319.0,,,,,,,BJ Wr,,,,,1.0,,,2285051.0,,,8587844,24,Id Wm,,,AT Cy,caught,,,,,,1
0.0,,,,,,AUS:Right-hand bat:Right-arm fast-medium:,,,,0.0,AUS:Right-hand bat:Slow left-arm orthodox:,,,,1.1,,,,,,,1.0,,,,0,,2021-01-05,0.0,,3890998.0,,,,,,,AT Cy,,,,,0.0,,,37351.0,,,8587844,1,HA Cy,,,AJ Fh,caught,,,,,,2
103.33,,,,,,ENG:Right-hand bat:Slow left-arm orthodox:,2.0,,,0.0,AUS:Right-hand bat:None:,1.0,,,1.2,,,,,,,0.0,,,,31,,2021-01-05,0.0,,2170762.0,,,,,,,,,,,,1.0,,,5406540.0,,,8587844,30,DR Bs,,,SB Hr,bowled,,,,,,2
117.24,,,,,,AUS:Right-hand bat:Right-arm fast:,2.0,,,0.0,AUS:Left-hand bat:Right-arm medium-fast:,2.0,,,1.3,,,,,,,0.0,,,,34,,2021-01-05,0.0,,6718844.0,,,,,,,AT Cy,,,,,0.0,,,7534687.0,,,8587844,29,WA Ar,,,MW Hy,caught,,,,,,2
43.75,,,,,,AUS:Right-hand bat:Right-arm fast:,,,,0.0,AFG:Right-hand bat:Right-arm offbreak:,,,,10.3,,,,,,,0.0,,,,7,,2021-01-05,0.0,,6718844.0,,,,,,,,,,,,0.0,,,181404.0,,,8587844,16,WA Ar,,,Md Ni,bowled,,,,,,2
90.91,,,,,,ENG:Right-hand bat:Slow left-arm orthodox:,1.0,,,0.0,AUS:Right-hand bat:Right-arm medium:,,,,12.1,,,,,,,0.0,,,,10,,2021-01-05,0.0,,2170762.0,,,,,,,RJ Gn,,,,,0.0,,,2669316.0,,,8587844,11,DR Bs,,,BJ Wr,caught,,,,,,2
33.33,,,,,,AUS:Right-hand bat:Right-arm fast-medium:,,,,0.0,PAK:Left-hand bat:Slow left-arm orthodox:,,,,14.5,,,,,,,0.0,,,,1,,2021-01-05,0.0,,55299.0,,,,,,,RJ Gn,,,,,0.0,,,1594319.0,,,8587844,3,PM Se,,,Id Wm,caught,,,,,,2
100.0,,,,,,,1.0,,,,AUS:Right-hand bat:Legbreak googly:,,,,15.5,,,,,,,0.0,,,,11,,2021-01-05,,,,,,,,,,,,,,,0.0,,,8176356.0,,,8587844,11,,,,J Fk,,,,,,,2
100.0,,,,,,AFG:Right-hand bat:Legbreak googly:,,,,0.0,AUS:Right-hand bat:Right-arm medium-fast:,1.0,,,16.5,,,,,,,0.0,,,,6,,2021-01-05,0.0,,5554254.0,,,,,,,MT Rw,,,,,0.0,,,6842170.0,,,8587844,6,Rd Kn,,,JA Pe,caught,,,,,,2
50.0,,,,,,AUS:Right-hand bat:Right-arm fast-medium:,,,,0.0,AUS:Right-hand bat:Right-arm fast-medium:,,,,17.6,,,,,,,0.0,,,,1,,2021-01-05,0.0,,55299.0,,,,,,,MT Rw,,,,,0.0,,,1905847.0,,,8587844,2,PM Se,,,KW Rn,caught,,,,,,2
50.0,,,,,,AUS:Right-hand bat:Right-arm fast:,,,,0.0,AUS:Right-hand bat:Left-arm fast-medium:,,,,18.6,,,,,,,0.0,,,,2,,2021-01-05,0.0,,6718844.0,,,,,,,,,,,,0.0,,,1906708.0,,,8587844,4,WA Ar,,,JK Lr,bowled,,,,,,2
50.0,,,,,,AUS:Right-hand bat:Right-arm fast-medium:,,,,0.0,AFG:Right-hand bat:Left-arm wrist-spin:,,,,19.6,,,,,,,0.0,,,,1,,2021-01-05,0.0,,55299.0,,,,,,,,,,,,0.0,,,8277716.0,,,8587844,2,PM Se,,,Nr Ad,bowled,,,,,,2
87.1,,,,,,AUS:Right-hand bat:Legbreak googly:,2.0,,,0.0,ENG:Right-hand bat:None:,,,,1.1,,,,,,,0.0,,,,27,,2021-01-06,0.0,,7537060.0,,,,,,,J Es,,,,,0.0,,,2089079.0,,,8587816,31,L Pe,,,JJ Ry,caught,,,,,,1
123.08,,,,,,AUS:Right-hand bat:Slow left-arm orthodox:,2.0,,,0.0,ENG:Right-hand bat:Right-arm offbreak:,1.0,,,1.6,,,,,,,0.0,,,,16,,2021-01-06,0.0,,49496.0,,,,,,,JC Sk,,,,,0.0,,,2827327.0,,,8587816,13,SJ Oe,,,LS Le,caught,,,,,,1
166.67,,,,,,AUS:Right-hand bat:Slow left-arm orthodox:,2.0,,,0.0,AUS:Right-hand bat:None:,1.0,,,12.4,,,,,,,0.0,,,,20,,2021-01-06,0.0,,49496.0,,,,,,,JC Sk,,,,,1.0,,,4635658.0,,,8587816,12,SJ Oe,,,JP Is,caught,,,,,,1
211.11,,,,,,,7.0,,,,AUS:Right-hand bat:Right-arm medium:,2.0,,,15.1,,,,,,,0.0,,,,57,,2021-01-06,,,,,,,,,,,,,,,0.0,,,1907163.0,,,8587816,27,,,,MR Mh,,,,,,,1
175.0,,,,,,,1.0,,,,AUS:Right-hand bat:Right-arm offbreak:,,,,19.2,,,,,,,1.0,,,,7,,2021-01-06,,,,,,,,,,,,,,,0.0,,,3501889.0,,,8587816,4,,,,AJ Tr,,,,,,,1
147.06,,,,,,AUS:Right-hand bat:Legbreak googly:,4.0,,,0.0,NZ:Left-hand bat:Right-arm medium-fast:,2.0,,,4.4,,,,,,,0.0,,,,50,,2021-01-06,0.0,,7537060.0,,,,,,,JM Bd,,,,,0.0,,,1626526.0,,,8587816,34,L Pe,,,C Mo,caught,,,,,,1
83.33,,,,,,AUS:Right-hand bat:Left-arm fast-medium:,1.0,,,0.0,AUS:Right-hand bat:None:,,,,1.1,,,,,,,0.0,,,,5,,2021-01-06,0.0,,1907352.0,,,,,,,MR Mh,,,,,1.0,,,7869987.0,,,8587816,6,JP Bf,,,JR Pe,caught,,,,,,2
115.79,,,,,,AUS:Right-hand bat:Legbreak googly:,4.0,,,0.0,AUS:Right-hand bat:Right-arm medium:,,,,1.2,,,,,,,0.0,,,,44,,2021-01-06,0.0,,1684276.0,,,,,,,JJ Ry,,,,,0.0,,,7620283.0,,,8587816,38,Fd Ad,,,J Es,caught,,,,,,2
66.67,,,,,,AUS:Right-hand bat:Right-arm fast:,,,,0.0,WI:Right-hand bat:Right-arm fast-medium:,,,,10.2,,,,,,,0.0,,,,2,,2021-01-06,0.0,,5419574.0,,,,,,,JJ Ry,,,,,0.0,,,3200756.0,,,8587816,3,JA Rn,,,CR Be,caught,,,,,,2
114.29,,,,,,AUS:Right-hand bat:Right-arm medium-fast:,2.0,,,0.0,AUS:Right-hand bat:Slow left-arm orthodox:,,,,11.2,,,,,,,0.0,,,,16,,2021-01-06,0.0,,3216569.0,,,,,,,,,,,,0.0,,,49496.0,,,8587816,14,AJ Te,,,SJ Oe,bowled,,,,,,2
109.09,,,,,,,1.0,,,,AUS:Right-hand bat:Right-arm fast-medium:,,,,13.2,,,,,,,0.0,,,,12,,2021-01-06,,,,,,,,,,,,,,,0.0,,,1506077.0,,,8587816,11,,,,JM Bd,,,,,,,2
66.67,,,,,,AUS:Right-hand bat:Right-arm fast:,1.0,,,0.0,ENG:Right-hand bat:Right-arm fast-medium:,,,,15.2,,,,,,,0.0,,,,4,,2021-01-06,0.0,,5419574.0,,,,,,,,,,,,0.0,,,2904943.0,,,8587816,6,JA Rn,,,JT Bl,bowled,,,,,,2
0.0,,,,,,AUS:Right-hand bat:Right-arm medium-fast:,,,,0.0,AUS:Right-hand bat:Legbreak googly:,,,,16.4,,,,,,,0.0,,,,0,,2021-01-06,0.0,,3216569.0,,,,,,,,,,,,0.0,,,7537060.0,,,8587816,4,AJ Te,,,L Pe,caught and bowled,,,,,,2
0.0,,,,,,AUS:Right-hand bat:Right-arm fast:,,,,0.0,ENG:Right-hand bat:Right-arm medium:,,,,3.2,,,,,,,0.0,,,,0,,2021-01-06,0.0,,5419574.0,,,,,,,JP Is,,,,,0.0,,,2076192.0,,,8587816,3,JA Rn,,,JM Ve,caught,,,,,,2
116.67,,,,,,AUS:Right-hand bat:Right-arm medium-fast:,2.0,,,0.0,AUS:Left-hand bat:Right-arm medium:,,,,3.5,,,,,,,1.0,,,,14,,2021-01-06,0.0,,3216569.0,,,,,,,JJ Ry,,,,,0.0,,,4002340.0,,,8587816,12,AJ Te,,,DP Hs,caught,,,,,,2
0.0,,,,,,AUS:Right-hand bat:Right-arm medium:,,,,0.0,AUS:Right-hand bat:None:,,,,8.5,,,,,,,0.0,,,,0,,2021-01-06,0.0,,1907163.0,,,,,,,JA Rn,,,,,0.0,,,3063696.0,,,8587816,1,MR Mh,,,JC Sk,caught,,,,,,2
0.0,,,,,,AUS:Right-hand bat:Right-arm medium-fast:,,,,0.0,AUS:Right-hand bat:Right-arm fast-medium:,,,,8.6,,,,,,,0.0,,,,0,,2021-01-06,0.0,,3216569.0,,,,,,,AJ Tr,,,,,0.0,,,34061.0,,,8587816,2,AJ Te,,,DT Cn,caught,,,,,,2
134.78,,,,,,AUS:Right-hand bat:Legbreak googly:,4.0,,,0.0,AUS:Right-hand bat:Right-arm medium:,1.0,,,1.1,,,,,,,0.0,,,,31,,2021-01-07,0.0,,2656541.0,,,,,,,MP Ss,,,,,0.0,,,7620269.0,,,8587858,23,A Za,,,M Bt,caught,,,,,,1
208.7,,,,,,AUS:Right-hand bat:Right-arm offbreak:,3.0,,,0.0,AUS:Right-hand bat:Slow left-arm orthodox:,4.0,,,1.4,,,,,,,1.0,,,,48,,2021-01-07,1.0,,2275195.0,,,,,,,,,,,,0.0,,,2286472.0,,,8587858,23,GJ Ml,,,CA Ln,bowled,,,,,,1
0.0,,,,,,AUS:Right-hand bat:Legbreak googly:,,,,0.0,ENG:Right-hand bat:Legbreak:,,,,7.5,,,,,,,0.0,,,,0,,2021-01-07,0.0,,2656541.0,,,,,,,,,,,,0.0,,,87191.0,,,8587858,1,A Za,,,JL Dy,lbw,,,,,,1
200.0,,,,,,,3.0,,,,AUS:Right-hand bat:Right-arm medium:,1.0,,,7.6,,,,,,,0.0,,,,22,,2021-01-07,,,,,,,,,,,,,,,0.0,,,2286437.0,,,8587858,11,,,,JA Bs,,,,,,,1
300.0,,,,,,,,,,,ENG:Right-hand bat:Right-arm medium-fast:,1.0,,,9.4,,,,,,,0.0,,,,9,,2021-01-07,,,,,,,,,,,,,,,0.0,,,2535420.0,,,8587858,3,,,,L Gy,,,,,,,1
115.38,,,,,,AFG:Right-hand bat:Right-arm offbreak:,2.0,,,0.0,WI:Right-hand bat:Right-arm medium-fast:,,,,1.1,,,,,,,0.0,,,,15,,2021-01-07,0.0,,6818776.0,,,,,,,XC Bt,,,,,0.0,,,363047.0,,,8587858,13,Mb Ur Rn,,,AS Fr,caught,,,,,,2
170.0,,,,,,ENG:Right-hand bat:Right-arm medium-fast:,4.0,,,0.0,AUS:Right-hand bat:Right-arm medium:,1.0,,,1.2,,,,,,,0.0,,,,34,,2021-01-07,0.0,,2535420.0,,,,,,,JJ Pn,,,,,0.0,,,2275097.0,,,8587858,20,L Gy,,,MP Ss,caught,,,,,,2
66.67,,,,,,,,,,,AUS:Right-hand bat:Right-arm medium:,,,,10.1,,,,,,,0.0,,,,2,,2021-01-07,,,,,,,,,,,,,,,1.0,,,3501882.0,,,8587858,3,,,,SE Gh,,,,,,,2
320.0,,,,,,AUS:Right-hand bat:Right-arm fast-medium:,1.0,,,0.0,WI:Left-hand bat:Right-arm offbreak:,2.0,,,5.5,,,,,,,0.0,,,,16,,2021-01-07,0.0,,3890984.0,,,,,,,L Gy,,,,,0.0,,,4230127.0,,,8587858,5,MT Se,,,N Pn,caught,,,,,,2
0.0,,,,,,AUS:Right-hand bat:Right-arm fast-medium:,,,,0.0,AUS:Right-hand bat:Right-arm offbreak:,,,,6.6,,,,,,,1.0,,,,0,,2021-01-07,0.0,,3890984.0,,,,,,,XC Bt,,,,,0.0,,,2275195.0,,,8587858,1,MT Se,,,GJ Ml,caught,,,,,,2
233.33,,,,,,AUS:Right-hand bat:Right-arm fast-medium:,,,,0.0,AUS:Right-hand bat:Right-arm medium:,1.0,,,7.3,,,,,,,0.0,,,,7,,2021-01-07,0.0,,3890984.0,,,,,,,M Bt,,,,,0.0,,,3901078.0,,,8587858,3,MT Se,,,HR Ct,caught,,,,,,2
218.75,,,,,,,4.0,,,,AUS:Right-hand bat:None:,2.0,,,7.5,,,,,,,0.0,,,,35,,2021-01-07,,,,,,,,,,,,,,,0.0,,,3737103.0,,,8587858,16,,,,NR Ln,,,,,,,2
148.48,,,,,,AUS:Left-hand bat:Left-arm wrist-spin:,7.0,,,0.0,AUS:Left-hand bat:Right-arm medium:,,,,1.1,,,,,,,0.0,,,,49,,2021-01-07,0.0,,2161599.0,,,,,,,,,,,,0.0,,,1506098.0,,,8588110,33,DM St,,,UT Ka,lbw,,,,,,1
110.53,,,,,,AUS:Left-hand bat:Left-arm wrist-spin:,4.0,,,0.0,ENG:Right-hand bat:Right-arm medium:,,,,1.3,,,,,,,0.0,,,,21,,2021-01-07,0.0,,2161599.0,,,,,,,NT Es,,,,,0.0,,,1749075.0,,,8588110,19,DM St,,,AD Hs,caught,,,,,,1
133.33,,,,,,AUS:Right-hand bat:Right-arm fast-medium:,2.0,,,0.0,AUS:Right-hand bat:Right-arm offbreak:,3.0,,,10.3,,,,,,,0.0,,,,44,,2021-01-07,0.0,,5788418.0,,,,,,,,,,,,0.0,,,2335381.0,,,8588110,33,NT Es,,,AI Rs,run out,,,,,,1
115.38,,,,,,,1.0,,,,AUS:Right-hand bat:Right-arm offbreak:,,,,11.4,,,,,,,0.0,,,,15,,2021-01-07,,,,,,,,,,,,,,,0.0,,,6308112.0,,,8588110,13,,,,AJ Nr,,,,,,,1
221.43,,,,,,,4.0,,,,AUS:Right-hand bat:Right-arm fast-medium:,1.0,,,15.6,,,,,,,0.0,,,,31,,2021-01-07,,,,,,,,,,,,,,,0.0,,,1612610.0,,,8588110,14,,,,BJ Cg,,,,,,,1
33.33,,,,,,NEP:Right-hand bat:Legbreak googly:,,,,0.0,AUS:Right-hand bat:Right-arm medium:,,,,8.1,,,,,,,1.0,,,,1,,2021-01-07,0.0,,6722540.0,,,,,,,J Ba,,,,,0.0,,,36665.0,,,8588110,3,S Le,,,CJ Fn,caught,,,,,,1
20.0,,,,,,AUS:Left-hand bat:Left-arm wrist-spin:,,,,0.0,ENG:Right-hand bat:None:,,,,9.1,,,,,,,0.0,,,,1,,2021-01-07,0.0,,2161599.0,,,,,,,,,,,,1.0,,,2083409.0,,,8588110,5,DM St,,,SW Bs,caught and bowled,,,,,,1
183.33,,,,,,AUS:Right-hand bat:Right-arm medium-fast:,2.0,,,0.0,AUS:Right-hand bat:Right-arm medium:,1.0,,,1.1,,,,,,,0.0,,,,22,,2021-01-07,0.0,,5497274.0,,,,,,,,,,,,1.0,,,4223883.0,,,8588110,12,N Mw,,,BR Mt,lbw,,,,,,2
118.75,,,,,,AUS:Right-hand bat:Right-arm medium-fast:,2.0,,,0.0,AUS:Left-hand bat:Left-arm wrist-spin:,1.0,,,1.2,,,,,,,0.0,,,,19,,2021-01-07,0.0,,5497274.0,,,,,,,CJ Fn,,,,,0.0,,,2161599.0,,,8588110,16,N Mw,,,DM St,caught,,,,,,2
85.71,,,,,,AUS:Right-hand bat:Legbreak:,1.0,,,0.0,SA:Left-hand bat:Legbreak:,,,,12.5,,,,,,,0.0,,,,12,,2021-01-07,0.0,,8193310.0,,,,,,,SW Bs,,,,,0.0,,,319948.0,,,8588110,14,T Sa,,,CA Im,caught,,,,,,2
66.67,,,,,,AUS:Right-hand bat:Right-arm offbreak:,,,,0.0,AUS:Right-hand bat:Right-arm offbreak:,,,,14.3,,,,,,,0.0,,,,2,,2021-01-07,0.0,,6308112.0,,,,,,,CJ Fn,,,,,0.0,,,6249256.0,,,8588110,3,AJ Nr,,,TH Dd,caught,,,,,,2
71.43,,,,,,NZ:Right-hand bat:Right-arm fast:,,,,0.0,AUS:Right-hand bat:Legbreak:,,,,15.4,,,,,,,0.0,,,,5,,2021-01-07,0.0,,3156033.0,,,,,,,,,,,,0.0,,,5716402.0,,,8588110,7,AF Me,,,M Wt,bowled,,,,,,2
81.82,,,,,,,1.0,,,,AUS:Right-hand bat:Right-arm fast-medium:,,,,17.2,,,,,,,0.0,,,,9,,2021-01-07,,,,,,,,,,,,,,,0.0,,,5788418.0,,,8588110,11,,,,NT Es,,,,,,,2
0.0,,,,,,AUS:Right-hand bat:Right-arm offbreak:,,,,0.0,AUS:Left-hand bat:Left-arm medium:,,,,17.6,,,,,,,0.0,,,,0,,2021-01-07,0.0,,5509524.0,,,,,,,,,,,,0.0,,,3510499.0,,,8588110,2,CJ Gn,,,NP Wr,lbw,,,,,,2
22.22,,,,,,,,,,,AUS:Right-hand bat:Right-arm fast-medium:,,,,18.3,,,,,,,0.0,,,,2,,2021-01-07,,,,,,,,,,,,,,,0.0,,,3125849.0,,,8588110,9,,,,SM Bd,,,,,,,2
86.96,,,,,,AUS:Right-hand bat:Right-arm offbreak:,1.0,,,0.0,ENG:Left-hand bat:Legbreak:,,,,5.3,,,,,,,0.0,,,,20,,2021-01-07,0.0,,5509524.0,,,,,,,,,,,,0.0,,,1655436.0,,,8588110,23,CJ Gn,,,DJ Mn,bowled,,,,,,2
125.0,,,,,,AUS:Right-hand bat:Legbreak:,3.0,,,0.0,AUS:Right-hand bat:None:,,,,6.3,,,,,,,1.0,,,,30,,2021-01-07,0.0,,8193310.0,,,,,,,SW Bs,,,,,0.0,,,2340372.0,,,8588110,24,T Sa,,,PP Hb,stumped,,,,,,2
182.76,,,,,,NZ:Right-hand bat:Right-arm medium:,6.0,,,0.0,NZ:Left-hand bat:Slow left-arm orthodox:,8.0,,,1.1,,,,,,,1.0,,,,106,,2021-01-08,0.0,,4195827.0,,,,,,,MJ Mn,,,,,0.0,,,1945390.0,,,8638062,58,MB Bn,,,GH Wr,caught,,,,,,1
33.33,,,,,,NZ:Right-hand bat:Left-arm wrist-spin:,,,,0.0,NZ:Right-hand bat:Legbreak:,,,,14.2,,,,,,,0.0,,,,1,,2021-01-08,0.0,,2666705.0,,,,,,,,,,,,1.0,,,3083632.0,,,8638062,3,MG Rn,,,D Cr,bowled,,,,,,1
194.12,,,,,,NZ:Right-hand bat:Right-arm fast-medium:,1.0,,,0.0,NZ:Right-hand bat:Right-arm medium:,3.0,,,14.6,,,,,,,0.0,,,,33,,2021-01-08,1.0,,3834375.0,,,,,,,,,,,,0.0,,,6496118.0,,,8638062,17,JA Dy,,,JA Cn,bowled,,,,,,1
200.0,,,,,,,1.0,,,,NZ:Right-hand bat:Right-arm fast-medium:,,,,19.4,,,,,,,0.0,,,,6,,2021-01-08,,,,,,,,,,,,,,,0.0,,,2537800.0,,,8638062,3,,,,DJ Bl,,,,,,,1
123.08,,,,,,NZ:Right-hand bat:Right-arm medium-fast:,2.0,,,0.0,NZ:Right-hand bat:None:,,,,2.1,,,,,,,0.0,,,,16,,2021-01-08,0.0,,4359417.0,,,,,,,NF Ky,,,,,0.0,,,8212917.0,,,8638062,13,MD Re,,,BL Ws,caught,,,,,,1
100.0,,,,,,,,,,,NZ:Right-hand bat:Right-arm medium:,,,,20.6,,,,,,,0.0,,,,1,,2021-01-08,,,,,,,,,,,,,,,0.0,,,6487032.0,,,8638062,1,,,,CK Ld,,,,,,,1
200.0,,,,,,NZ:Left-hand bat:Left-arm fast-medium:,2.0,,,0.0,NZ:Right-hand bat:Right-arm offbreak:,4.0,,,6.6,,,,,,,0.0,,,,50,,2021-01-08,0.0,,2236086.0,,,,,,,AK Kn,,,,,0.0,,,3834256.0,,,8638062,25,MJ Mn,,,WA Yg,caught,,,,,,1
166.67,,,,,,NZ:Right-hand bat:Right-arm fast-medium:,3.0,,,0.0,NZ:Left-hand bat:Slow left-arm orthodox:,1.0,,,1.1,,,,,,,0.0,,,,25,,2021-01-08,0.0,,2537800.0,,,,,,,BL Ws,,,,,0.0,,,2319638.0,,,8638062,15,DJ Bl,,,HD Rd,caught,,,,,,2
214.29,,,,,,NZ:Right-hand bat:Right-arm medium-fast:,1.0,,,0.0,NZ:Right-hand bat:Right-arm medium:,1.0,,,1.4,,,,,,,0.0,,,,15,,2021-01-08,0.0,,8354821.0,,,,,,,WA Yg,,,,,0.0,,,256080.0,,,8638062,7,JA Fd,,,NT Bm,caught,,,,,,2
136.36,,,,,,NZ:Left-hand bat:Slow left-arm orthodox:,,,,0.0,NZ:Right-hand bat:Slow left-arm orthodox:,1.0,,,11.4,,,,,,,0.0,,,,15,,2021-01-08,0.0,,4170494.0,,,,,,,,,,,,0.0,,,2690498.0,,,8638062,11,AY Pl,,,AK Kn,bowled,,,,,,2
0.0,,,,,,NZ:Left-hand bat:Slow left-arm orthodox:,,,,0.0,NZ:Left-hand bat:Left-arm fast-medium:,,,,16.2,,,,,,,0.0,,,,0,,2021-01-08,0.0,,4170494.0,,,,,,,BL Ws,,,,,0.0,,,2236086.0,,,8638062,1,AY Pl,,,MJ Mn,caught,,,,,,2
71.43,,,,,,NZ:Right-hand bat:Right-arm medium-fast:,,,,0.0,NZ:Right-hand bat:Left-arm wrist-spin:,,,,17.1,,,,,,,0.0,,,,5,,2021-01-08,0.0,,5984376.0,,,,,,,D Cr,,,,,0.0,,,2666705.0,,,8638062,7,BM Tr,,,MG Rn,caught,,,,,,2
200.0,,,,,,,1.0,,,,NZ:Right-hand bat:Right-arm fast-medium:,,,,20.1,,,,,,,1.0,,,,6,,2021-01-08,,,,,,,,,,,,,,,0.0,,,3834375.0,,,8638062,3,,,,JA Dy,,,,,,,2
106.25,,,,,,NZ:Left-hand bat:Slow left-arm orthodox:,3.0,,,0.0,NZ:Right-hand bat:Legbreak:,,,,3.3,,,,,,,0.0,,,,17,,2021-01-08,0.0,,4170494.0,,,,,,,WA Yg,,,,,0.0,,,7918280.0,,,8638062,16,AY Pl,,,LC Jn,caught,,,,,,2
138.89,,,,,,NZ:Right-hand bat:Right-arm fast-medium:,7.0,,,0.0,NZ:Left-hand bat:Slow left-arm orthodox:,3.0,,,7.1,,,,,,,0.0,,,,75,,2021-01-08,0.0,,2537800.0,,,,,,,,,,,,0.0,,,3913447.0,,,8638062,54,DJ Bl,,,NF Ky,run out,,,,,,2
83.33,,,,,,NZ:Right-hand bat:Right-arm fast-medium:,,,,0.0,NZ:Right-hand bat:Legbreak:,,,,8.2,,,,,,,0.0,,,,5,,2021-01-08,0.0,,2537800.0,,,,,,,JA Fd,,,,,1.0,,,6129276.0,,,8638062,6,DJ Bl,,,M Rk,caught,,,,,,2
130.43,,,,,,AUS:Right-hand bat:Right-arm medium-fast:,5.0,,,0.0,AUS:Left-hand bat:Right-arm offbreak:,,,,1.1,,,,,,,0.0,,,,30,,2021-01-08,0.0,,6842170.0,,,,,,,BJ Wr,,,,,0.0,,,5056134.0,,,8587795,23,JA Pe,,,MT Rw,caught,,,,,,1
140.48,,,,,,AUS:Right-hand bat:Legbreak googly:,3.0,,,0.0,ENG:Right-hand bat:Right-arm offbreak:,3.0,,,1.2,,,,,,,0.0,,,,59,,2021-01-08,0.0,,8339701.0,,,,,,,MW Hy,,,,,0.0,,,4685568.0,,,8587795,42,P Hu,,,PD St,caught,,,,,,1
190.0,,,,,,AUS:Right-hand bat:Legbreak googly:,1.0,,,0.0,AUS:Left-hand bat:Legbreak:,2.0,,,15.6,,,,,,,0.0,,,,19,,2021-01-08,0.0,,8339701.0,,,,,,,J Fk,,,,,0.0,,,5469008.0,,,8587795,10,P Hu,,,J Wd,caught,,,,,,1
50.0,,,,,,AUS:Right-hand bat:Legbreak googly:,,,,0.0,AUS:Right-hand bat:Right-arm medium:,,,,16.3,,,,,,,0.0,,,,1,,2021-01-08,0.0,,8339701.0,,,,,,,,,,,,0.0,,,5776490.0,,,8587795,2,P Hu,,,RJ Gn,bowled,,,,,,1
123.08,,,,,,,1.0,,,,AUS:Right-hand bat:Right-arm medium:,,,,17.2,,,,,,,0.0,,,,16,,2021-01-08,,,,,,,,,,,,,,,0.0,,,1635773.0,,,8587795,13,,,,JW Ws,,,,,,,1
0.0,,,,,,AUS:Right-hand bat:Right-arm medium-fast:,,,,0.0,AFG:Right-hand bat:Legbreak googly:,,,,19.3,,,,,,,0.0,,,,0,,2021-01-08,0.0,,6842170.0,,,,,,,J Fk,,,,,0.0,,,5554254.0,,,8587795,1,JA Pe,,,Rd Kn,caught,,,,,,1
50.0,,,,,,AUS:Right-hand bat:Right-arm fast-medium:,,,,0.0,ENG:Right-hand bat:Slow left-arm orthodox:,,,,19.6,,,,,,,0.0,,,,2,,2021-01-08,0.0,,1905847.0,,,,,,,Md Ni,,,,,0.0,,,2170762.0,,,8587795,4,KW Rn,,,DR Bs,caught,,,,,,1
168.0,,,,,,PAK:Left-hand bat:Slow left-arm orthodox:,3.0,,,0.0,AUS:Left-hand bat:None:,3.0,,,8.2,,,,,,,1.0,,,,42,,2021-01-08,0.0,,1594319.0,,,,,,,JA Pe,,,,,1.0,,,2285051.0,,,8587795,25,Id Wm,,,AT Cy,caught,,,,,,1
107.69,,,,,,ENG:Right-hand bat:Slow left-arm orthodox:,2.0,,,0.0,AUS:Left-hand bat:Right-arm medium-fast:,,,,1.1,,,,,,,0.0,,,,14,,2021-01-08,0.0,,2170762.0,,,,,,,,,,,,0.0,,,7534687.0,,,8587795,13,DR Bs,,,MW Hy,bowled,,,,,,2
93.33,,,,,,AUS:Right-hand bat:Right-arm fast:,1.0,,,0.0,AUS:Right-hand bat:Slow left-arm orthodox:,,,,1.3,,,,,,,1.0,,,,14,,2021-01-08,0.0,,6718844.0,,,,,,,,,,,,0.0,,,37351.0,,,8587795,15,WA Ar,,,AJ Fh,lbw,,,,,,2
126.09,,,,,,,,,,,AUS:Right-hand bat:Legbreak googly:,2.0,,,13.4,,,,,,,0.0,,,,29,,2021-01-08,,,,,,,,,,,,,,,0.0,,,8176356.0,,,8587795,23,,,,J Fk,,,,,,,2
128.57,,,,,,AFG:Right-hand bat:Legbreak googly:,2.0,,,0.0,AUS:Right-hand bat:None:,,,,4.6,,,,,,,0.0,,,,18,,2021-01-08,0.0,,5554254.0,,,,,,,RJ Gn,,,,,1.0,,,5406540.0,,,8587795,14,Rd Kn,,,SB Hr,caught,,,,,,2
173.17,,,,,,,9.0,,,,AFG:Right-hand bat:Right-arm offbreak:,2.0,,,6.3,,,,,,,0.0,,,,71,,2021-01-08,,,,,,,,,,,,,,,0.0,,,181404.0,,,8587795,41,,,,Md Ni,,,,,,,2
107.69,,,,,,AFG:Right-hand bat:Legbreak googly:,1.0,,,0.0,AUS:Right-hand bat:Right-arm medium-fast:,1.0,,,9.2,,,,,,,0.0,,,,14,,2021-01-08,0.0,,5554254.0,,,,,,,,,,,,0.0,,,6842170.0,,,8587795,13,Rd Kn,,,JA Pe,lbw,,,,,,2
140.0,,,,,,AUS:Right-hand bat:Right-arm fast-medium:,2.0,,,0.0,ENG:Right-hand bat:None:,,,,1.1,,,,,,,0.0,,,,14,,2021-01-09,0.0,,6521234.0,,,,,,,SW Bs,,,,,0.0,,,2089079.0,,,8588159,10,B Dt,,,JJ Ry,caught,,,,,,1
37.5,,,,,,AUS:Right-hand bat:Right-arm fast-medium:,,,,0.0,ENG:Right-hand bat:Right-arm offbreak:,,,,1.2,,,,,,,0.0,,,,3,,2021-01-09,0.0,,6521234.0,,,,,,,SW Bs,,,,,0.0,,,2827327.0,,,8588159,8,B Dt,,,LS Le,caught,,,,,,1
136.36,,,,,,AUS:Right-hand bat:Right-arm fast-medium:,2.0,,,0.0,AUS:Right-hand bat:Right-arm medium:,,,,10.5,,,,,,,0.0,,,,15,,2021-01-09,0.0,,6521234.0,,,,,,,CJ Gn,,,,,0.0,,,1907163.0,,,8588159,11,B Dt,,,MR Mh,caught,,,,,,1
238.46,,,,,,AUS:Right-hand bat:Right-arm medium-fast:,3.0,,,0.0,AUS:Right-hand bat:Right-arm offbreak:,2.0,,,13.4,,,,,,,1.0,,,,31,,2021-01-09,0.0,,5497274.0,,,,,,,T Sa,,,,,0.0,,,3501889.0,,,8588159,13,N Mw,,,AJ Tr,caught,,,,,,1
172.73,,,,,,,1.0,,,,AUS:Right-hand bat:Right-arm medium-fast:,1.0,,,17.3,,,,,,,0.0,,,,19,,2021-01-09,,,,,,,,,,,,,,,0.0,,,7869994.0,,,8588159,11,,,,AM He,,,,,,,1
250.0,,,,,,,2.0,,,,AUS:Right-hand bat:Right-arm fast:,1.0,,,18.5,,,,,,,0.0,,,,20,,2021-01-09,,,,,,,,,,,,,,,0.0,,,5419574.0,,,8588159,8,,,,JA Rn,,,,,,,1
121.95,,,,,,AUS:Right-hand bat:Right-arm fast-medium:,1.0,,,0.0,NZ:Left-hand bat:Right-arm medium-fast:,3.0,,,4.1,,,,,,,0.0,,,,50,,2021-01-09,0.0,,1612610.0,,,,,,,SW Bs,,,,,0.0,,,1626526.0,,,8588159,41,BJ Cg,,,C Mo,caught,,,,,,1
111.11,,,,,,AUS:Right-hand bat:Right-arm fast-medium:,3.0,,,0.0,AUS:Right-hand bat:None:,,,,4.4,,,,,,,0.0,,,,20,,2021-01-09,0.0,,6521234.0,,,,,,,,,,,,1.0,,,4635658.0,,,8588159,18,B Dt,,,JP Is,bowled,,,,,,1
216.67,,,,,,AUS:Right-hand bat:Right-arm fast:,4.0,,,0.0,AUS:Left-hand bat:Right-arm medium:,1.0,,,1.1,,,,,,,0.0,,,,26,,2021-01-09,0.0,,5419574.0,,,,,,,JP Is,,,,,0.0,,,1506098.0,,,8588159,12,JA Rn,,,UT Ka,caught,,,,,,2
50.0,,,,,,AUS:Right-hand bat:Left-arm fast-medium:,1.0,,,0.0,ENG:Right-hand bat:Right-arm medium:,,,,1.4,,,,,,,0.0,,,,5,,2021-01-09,0.0,,1907352.0,,,,,,,CT Bt (sub),,,,,0.0,,,1749075.0,,,8588159,10,JP Bf,,,AD Hs,caught,,,,,,2
200.0,,,,,,AUS:Right-hand bat:Right-arm fast:,1.0,,,0.0,AUS:Right-hand bat:Right-arm medium-fast:,,,,16.1,,,,,,,0.0,,,,4,,2021-01-09,0.0,,5419574.0,,,,,,,LS Le,,,,,0.0,,,5497274.0,,,8588159,2,JA Rn,,,N Mw,caught,,,,,,2
87.5,,,,,,AUS:Right-hand bat:Right-arm medium:,1.0,,,0.0,AUS:Right-hand bat:Right-arm offbreak:,,,,16.4,,,,,,,0.0,,,,7,,2021-01-09,0.0,,1907163.0,,,,,,,CT Bt (sub),,,,,0.0,,,5509524.0,,,8588159,8,MR Mh,,,CJ Gn,caught,,,,,,2
50.0,,,,,,AUS:Right-hand bat:Right-arm fast:,,,,0.0,NZ:Right-hand bat:Right-arm fast:,,,,19.1,,,,,,,0.0,,,,1,,2021-01-09,0.0,,5419574.0,,,,,,,Fd Ad,,,,,0.0,,,3156033.0,,,8588159,2,JA Rn,,,AF Me,caught,,,,,,2
62.5,,,,,,AUS:Right-hand bat:Right-arm fast:,1.0,,,0.0,AUS:Right-hand bat:Right-arm fast-medium:,,,,19.4,,,,,,,0.0,,,,5,,2021-01-09,0.0,,5419574.0,,,,,,,,,,,,0.0,,,6521234.0,,,8588159,8,JA Rn,,,B Dt,bowled,,,,,,2
0.0,,,,,,AUS:Right-hand bat:Left-arm fast-medium:,,,,0.0,AUS:Right-hand bat:Right-arm medium:,,,,4.1,,,,,,,1.0,,,,0,,2021-01-09,0.0,,1907352.0,,,,,,,AJ Te,,,,,0.0,,,36665.0,,,8588159,3,JP Bf,,,CJ Fn,caught,,,,,,2
172.92,,,,,,AUS:Right-hand bat:Left-arm fast-medium:,8.0,,,0.0,ENG:Right-hand bat:None:,4.0,,,4.4,,,,,,,0.0,,,,83,,2021-01-09,0.0,,1907352.0,,,,,,,,,,,,1.0,,,2083409.0,,,8588159,48,JP Bf,,,SW Bs,run out,,,,,,2
114.81,,,,,,AUS:Right-hand bat:Right-arm medium-fast:,3.0,,,0.0,AUS:Right-hand bat:Right-arm fast-medium:,1.0,,,7.2,,,,,,,0.0,,,,31,,2021-01-09,0.0,,3216569.0,,,,,,,LS Le,,,,,0.0,,,1612610.0,,,8588159,27,AJ Te,,,BJ Cg,caught,,,,,,2
192.31,,,,,,NZ:Right-hand bat:Right-arm medium-fast:,10.0,,,0.0,NZ:Right-hand bat:None:,2.0,,,1.1,,,,,,,0.0,,,,75,,2021-01-09,0.0,,3834305.0,,,,,,,,,,,,0.0,,,6718326.0,,,8638069,39,BR Hn,,,FH An,bowled,,,,,,1
110.0,,,,,,NZ:Right-hand bat:Right-arm fast-medium:,,,,0.0,NZ:Right-hand bat:Right-arm offbreak:,1.0,,,11.5,,,,,,,0.0,,,,22,,2021-01-09,0.0,,3776849.0,,,,,,,KD Ce,,,,,1.0,,,3083625.0,,,8638069,20,SC Kn,,,TA Bl,caught,,,,,,1
100.0,,,,,,NZ:Right-hand bat:Right-arm offbreak:,1.0,,,0.0,NZ:Left-hand bat:Right-arm medium-fast:,,,,14.5,,,,,,,0.0,,,,5,,2021-01-09,0.0,,3566240.0,,,,,,,BR Hn,,,,,0.0,,,2486896.0,,,8638069,5,JG Wr,,,JS Nm,caught,,,,,,1
85.71,,,,,,NZ:Right-hand bat:Right-arm fast-medium:,,,,0.0,NZ:Left-hand bat:Right-arm offbreak:,,,,16.4,,,,,,,1.0,,,,6,,2021-01-09,0.0,,3776849.0,,,,,,,AP Dh,,,,,0.0,,,2288789.0,,,8638069,7,SC Kn,,,MG Bl,caught,,,,,,1
162.5,,,,,,NZ:Right-hand bat:Right-arm medium-fast:,1.0,,,0.0,NZ:Right-hand bat:Right-arm medium-fast:,1.0,,,18.3,,,,,,,0.0,,,,13,,2021-01-09,0.0,,7907458.0,,,,,,,,,,,,0.0,,,4950224.0,,,8638069,8,MJ Fr,,,JD Gn,bowled,,,,,,1
150.0,,,,,,NZ:Right-hand bat:Right-arm medium-fast:,1.0,,,0.0,NZ:Left-hand bat:Slow left-arm orthodox:,,,,19.1,,,,,,,0.0,,,,6,,2021-01-09,0.0,,7907458.0,,,,,,,,,,,,0.0,,,6718382.0,,,8638069,4,MJ Fr,,,R Ra,run out,,,,,,1
128.57,,,,,,NZ:Right-hand bat:Right-arm offbreak:,5.0,,,0.0,NZ:Left-hand bat:Right-arm medium:,,,,2.1,,,,,,,0.0,,,,45,,2021-01-09,0.0,,3566240.0,,,,,,,TL St,,,,,0.0,,,2653993.0,,,8638069,35,JG Wr,,,DP Cy,stumped,,,,,,1
100.0,,,,,,,,,,,NZ:Right-hand bat:Right-arm offbreak:,,,,20.4,,,,,,,0.0,,,,1,,2021-01-09,,,,,,,,,,,,,,,0.0,,,8187878.0,,,8638069,1,,,,TM Jn,,,,,,,1
200.0,,,,,,,,,,,NED:Right-hand bat:Right-arm medium-fast:,,,,20.6,,,,,,,0.0,,,,2,,2021-01-09,,,,,,,,,,,,,,,0.0,,,3083667.0,,,8638069,1,,,,LV vn Bk,,,,,,,1
0.0,,,,,,NZ:Left-hand bat:Right-arm medium-fast:,,,,0.0,NZ:Right-hand bat:Right-arm medium-fast:,,,,1.1,,,,,,,0.0,,,,0,,2021-01-09,0.0,,1585464.0,,,,,,,,,,,,0.0,,,7907451.0,,,8638069,2,HK Bt,,,KD Ce,bowled,,,,,,2
100.0,,,,,,NZ:Left-hand bat:Right-arm medium-fast:,2.0,,,0.0,NZ:Left-hand bat:Legbreak:,,,,1.3,,,,,,,0.0,,,,10,,2021-01-09,0.0,,2486896.0,,,,,,,JD Gn,,,,,0.0,,,1945411.0,,,8638069,10,JS Nm,,,JA Rl,caught,,,,,,2
40.0,,,,,,NZ:Left-hand bat:Right-arm offbreak:,,,,0.0,NZ:Right-hand bat:Right-arm fast-medium:,,,,11.1,,,,,,,0.0,,,,2,,2021-01-09,1.0,,2288789.0,,,,,,,DP Cy,,,,,0.0,,,3776849.0,,,8638069,5,MG Bl,,,SC Kn,caught,,,,,,2
112.5,,,,,,NZ:Left-hand bat:Slow left-arm orthodox:,1.0,,,0.0,NZ:Right-hand bat:Right-arm medium:,,,,12.2,,,,,,,0.0,,,,9,,2021-01-09,0.0,,6718382.0,,,,,,,HK Bt,,,,,0.0,,,6718340.0,,,8638069,8,R Ra,,,ZN Gn,caught,,,,,,2
71.43,,,,,,NZ:Left-hand bat:Right-arm medium-fast:,,,,0.0,NZ:Right-hand bat:Right-arm offbreak:,,,,14.5,,,,,,,0.0,,,,5,,2021-01-09,0.0,,1585464.0,,,,,,,MG Bl,,,,,0.0,,,3566240.0,,,8638069,7,HK Bt,,,JG Wr,caught,,,,,,2
129.27,,,,,,NZ:Left-hand bat:Right-arm medium-fast:,1.0,,,0.0,NZ:Right-hand bat:None:,3.0,,,2.1,,,,,,,0.0,,,,53,,2021-01-09,0.0,,2486896.0,,,,,,,MG Bl,,,,,1.0,,,4381761.0,,,8638069,41,JS Nm,,,TL St,caught,,,,,,2
83.33,,,,,,NZ:Left-hand bat:Right-arm medium-fast:,1.0,,,0.0,NZ:Right-hand bat:None:,,,,4.1,,,,,,,0.0,,,,5,,2021-01-09,0.0,,2486896.0,,,,,,,TA Bl,,,,,0.0,,,3913426.0,,,8638069,6,JS Nm,,,JF Cr,caught,,,,,,2
133.33,,,,,,NZ:Left-hand bat:Right-arm offbreak:,,,,0.0,NZ:Left-hand bat:Slow left-arm orthodox:,1.0,,,6.1,,,,,,,1.0,,,,8,,2021-01-09,1.0,,2288789.0,,,,,,,TM Jn,,,,,0.0,,,258649.0,,,8638069,6,MG Bl,,,AP Dh,caught,,,,,,2
50.0,,,,,,NZ:Left-hand bat:Right-arm offbreak:,,,,0.0,NZ:Left-hand bat:Slow left-arm orthodox:,,,,8.4,,,,,,,0.0,,,,1,,2021-01-09,1.0,,2288789.0,,,,,,,TM Jn,,,,,0.0,,,3519011.0,,,8638069,2,MG Bl,,,MJ Sr,caught,,,,,,2
60.0,,,,,,NZ:Left-hand bat:Right-arm offbreak:,,,,0.0,NZ:Right-hand bat:Right-arm medium-fast:,,,,9.2,,,,,,,0.0,,,,3,,2021-01-09,1.0,,2288789.0,,,,,,,LV vn Bk,,,,,0.0,,,3834305.0,,,8638069,5,MG Bl,,,BR Hn,caught,,,,,,2
53.33,,,,,,,1.0,,,0.0,IND:Right-hand bat:None:,,,,1.1,,,,,,,0.0,,,,8,,2021-01-10,,,,,,,,,,Il Aa,,,,,0.0,,,2380454.0,,,8710211,15,Ah Ml,,,KH Dr,caught,,,,,,1
100.0,,,,,,IND:Right-hand bat:Right-arm medium:,2.0,,,0.0,IND:Left-hand bat:Slow left-arm orthodox:,,,,1.4,,,,,,,0.0,,,,10,,2021-01-10,0.0,,8145703.0,,,,,,,Ph Ji,,,,,0.0,,,7883504.0,,,8710211,10,Gh Ri,,,NA Ra,caught,,,,,,1
0.0,,,,,,,,,,,IND:Right-hand bat:Right-arm medium-fast:,,,,19.5,,,,,,,0.0,,,,0,,2021-01-10,,,,,,,,,,,,,,,0.0,,,4772494.0,,,8710211,2,,,,BA Pn,,,,,,,1
180.95,,,,,,,5.0,,,0.0,IND:Left-hand bat:Slow left-arm orthodox:,5.0,,,5.6,,,,,,,1.0,,,,76,,2021-01-10,,,,,,,,,,Ph Ji,,,,,0.0,,,3299407.0,,,8710211,42,Ah Ml,,,KH Pa,caught,,,,,,1
136.67,,,,,,IND:Right-hand bat:Right-arm medium:,3.0,,,0.0,IND:Right-hand bat:None:,2.0,,,8.4,,,,,,,0.0,,,,41,,2021-01-10,0.0,,8145703.0,,,,,,,Ah Ml,,,,,1.0,,,3729984.0,,,8710211,30,Gh Ri,,,SK Pl,caught,,,,,,1
66.67,,,,,,,1.0,,,0.0,IND:Right-hand bat:None:,,,,1.2,,,,,,,0.0,,,,4,,2021-01-10,,,,,,,,,,KH Pa,,,,,0.0,,,8168383.0,,,8710211,6,A Sh,,,Ph Ji,caught,,,,,,2
100.0,,,,,,,,,,,IND:Right-hand bat:Right-arm medium:,,,,20.1,,,,,,,0.0,,,,2,,2021-01-10,,,,,,,,,,,,,,,0.0,,,8145703.0,,,8710211,2,,,,Gh Ri,,,,,,,2
58.33,,,,,,,,,,0.0,IND:Left-hand bat:Slow left-arm orthodox:,,,,8.4,,,,,,,1.0,,,,7,,2021-01-10,,,,,,,,,,,,,,,0.0,,,1940672.0,,,8710211,12,Ca Gi,,,Il Aa,bowled,,,,,,2
103.23,,,,,,NZ:Right-hand bat:Right-arm fast-medium:,3.0,,,0.0,NZ:Left-hand bat:Slow left-arm orthodox:,,,,1.1,,,,,,,1.0,,,,32,,2021-01-10,0.0,,3546297.0,,,,,,,CD Fr,,,,,0.0,,,1945390.0,,,8638076,31,MJ Hy,,,GH Wr,caught,,,,,,1
142.86,,,,,,NZ:Right-hand bat:Right-arm medium:,,,,0.0,NZ:Right-hand bat:Right-arm offbreak:,1.0,,,11.4,,,,,,,0.0,,,,10,,2021-01-10,0.0,,2672214.0,,,,,,,MJ Hy,,,,,0.0,,,270906.0,,,8638076,7,DJ Ml,,,LL Tr,caught,,,,,,1
173.33,,,,,,NZ:Right-hand bat:Right-arm medium-fast:,1.0,,,0.0,NZ:Right-hand bat:Right-arm medium:,1.0,,,13.5,,,,,,,0.0,,,,26,,2021-01-10,0.0,,4136404.0,,,,,,,,,,,,0.0,,,6496118.0,,,8638076,15,WA Ws,,,JA Cn,run out,,,,,,1
231.25,,,,,,,3.0,,,,NZ:Right-hand bat:Right-arm fast-medium:,2.0,,,16.2,,,,,,,0.0,,,,37,,2021-01-10,,,,,,,,,,,,,,,0.0,,,2537800.0,,,8638076,16,,,,DJ Bl,,,,,,,1
100.0,,,,,,,,,,,NZ:Left-hand bat:Right-arm medium:,,,,19.4,,,,,,,0.0,,,,4,,2021-01-10,,,,,,,,,,,,,,,0.0,,,1626540.0,,,8638076,4,,,,K Nt,,,,,,,1
